Dist Name,Crop,Yield
Adilabad,MAIZE YIELD (Kg per ha),2911.973076923077
Adilabad,RICE YIELD (Kg per ha),2137.8076923076924
Adilabad,GROUNDNUT YIELD (Kg per ha),1412.2692307692307
Adilabad,KHARIF SORGHUM YIELD (Kg per ha),1293.5319230769232
Adilabad,WHEAT YIELD (Kg per ha),1040.3576923076923
Agra,WHEAT YIELD (Kg per ha),3202.596153846154
Agra,BARLEY YIELD (Kg per ha),2807.131538461538
Agra,RICE YIELD (Kg per ha),2058.576923076923
Agra,MAIZE YIELD (Kg per ha),1998.9284615384615
Agra,PEARL MILLET YIELD (Kg per ha),1533.4615384615386
Ahmedabad,RICE YIELD (Kg per ha),1808.923076923077
Ahmedabad,WHEAT YIELD (Kg per ha),1702.0661538461538
Ahmedabad,CASTOR YIELD (Kg per ha),1642.6
Ahmedabad,OILSEEDS YIELD (Kg per ha),1365.3288461538464
Ahmedabad,MAIZE YIELD (Kg per ha),1310.2753846153848
Ahmednagar,MAIZE YIELD (Kg per ha),1831.563076923077
Ahmednagar,WHEAT YIELD (Kg per ha),1480.701923076923
Ahmednagar,GROUNDNUT YIELD (Kg per ha),1275.7692307692307
Ahmednagar,SOYABEAN YIELD (Kg per ha),1044.5734615384615
Ahmednagar,RICE YIELD (Kg per ha),960.0384615384615
Ajmer,WHEAT YIELD (Kg per ha),2131.028846153846
Ajmer,BARLEY YIELD (Kg per ha),2043.723076923077
Ajmer,RICE YIELD (Kg per ha),1329.6153846153845
Ajmer,RAPESEED AND MUSTARD YIELD (Kg per ha),826.5853846153847
Ajmer,SOYABEAN YIELD (Kg per ha),725.6746153846154
Akola,MAIZE YIELD (Kg per ha),1586.7607692307693
Akola,KHARIF SORGHUM YIELD (Kg per ha),1557.686923076923
Akola,SORGHUM YIELD (Kg per ha),1552.7576923076922
Akola,WHEAT YIELD (Kg per ha),1461.977307692308
Akola,GROUNDNUT YIELD (Kg per ha),1142.4615384615386
Alappuzha,RICE YIELD (Kg per ha),2521.6153846153848
Alappuzha,MINOR PULSES YIELD (Kg per ha),817.4619230769232
Alappuzha,SESAMUM YIELD (Kg per ha),295.88615384615383
Alappuzha,OILSEEDS YIELD (Kg per ha),52.324615384615385
Alappuzha,GROUNDNUT YIELD (Kg per ha),44.88461538461539
Aligarh,WHEAT YIELD (Kg per ha),3126.3607692307696
Aligarh,BARLEY YIELD (Kg per ha),3073.8965384615385
Aligarh,RICE YIELD (Kg per ha),1948.576923076923
Aligarh,MAIZE YIELD (Kg per ha),1827.09
Aligarh,PEARL MILLET YIELD (Kg per ha),1737.8846153846155
Allahabad,WHEAT YIELD (Kg per ha),2163.0284615384617
Allahabad,RICE YIELD (Kg per ha),2043.4615384615386
Allahabad,MAIZE YIELD (Kg per ha),1609.2592307692307
Allahabad,BARLEY YIELD (Kg per ha),1606.5023076923076
Allahabad,PIGEONPEA YIELD (Kg per ha),1534.6911538461538
Almorah,MAIZE YIELD (Kg per ha),1136.0084615384617
Almorah,RICE YIELD (Kg per ha),1068.7307692307693
Almorah,BARLEY YIELD (Kg per ha),1053.0634615384615
Almorah,WHEAT YIELD (Kg per ha),1045.2430769230768
Almorah,SOYABEAN YIELD (Kg per ha),1001.376923076923
Alwar,WHEAT YIELD (Kg per ha),3408.1284615384616
Alwar,BARLEY YIELD (Kg per ha),2810.083076923077
Alwar,RICE YIELD (Kg per ha),1483.7307692307693
Alwar,PEARL MILLET YIELD (Kg per ha),1372.8846153846155
Alwar,GROUNDNUT YIELD (Kg per ha),1343.0
Amarawati,MAIZE YIELD (Kg per ha),1725.2742307692306
Amarawati,WHEAT YIELD (Kg per ha),1427.5615384615385
Amarawati,KHARIF SORGHUM YIELD (Kg per ha),1269.3753846153847
Amarawati,SORGHUM YIELD (Kg per ha),1268.6146153846155
Amarawati,GROUNDNUT YIELD (Kg per ha),1017.4615384615385
Ambala,WHEAT YIELD (Kg per ha),3592.505
Ambala,RICE YIELD (Kg per ha),3170.8076923076924
Ambala,MAIZE YIELD (Kg per ha),2172.2253846153844
Ambala,OILSEEDS YIELD (Kg per ha),1295.0846153846153
Ambala,RAPESEED AND MUSTARD YIELD (Kg per ha),1158.836923076923
Amreli,WHEAT YIELD (Kg per ha),3013.009230769231
Amreli,CASTOR YIELD (Kg per ha),1764.7738461538463
Amreli,PEARL MILLET YIELD (Kg per ha),1564.1153846153845
Amreli,MAIZE YIELD (Kg per ha),1178.9057692307692
Amreli,RAPESEED AND MUSTARD YIELD (Kg per ha),1101.6838461538462
Amritsar,WHEAT YIELD (Kg per ha),4315.0603846153845
Amritsar,MAIZE YIELD (Kg per ha),3038.6473076923075
Amritsar,RICE YIELD (Kg per ha),2893.846153846154
Amritsar,SUNFLOWER YIELD (Kg per ha),1268.96
Amritsar,RAPESEED AND MUSTARD YIELD (Kg per ha),1127.1569230769232
Anantapur,MAIZE YIELD (Kg per ha),3610.5296153846157
Anantapur,RICE YIELD (Kg per ha),2558.423076923077
Anantapur,FINGER MILLET YIELD (Kg per ha),1919.1657692307692
Anantapur,KHARIF SORGHUM YIELD (Kg per ha),1243.0157692307691
Anantapur,SORGHUM YIELD (Kg per ha),909.0738461538463
Aurangabad,MAIZE YIELD (Kg per ha),1999.6257692307695
Aurangabad,WHEAT YIELD (Kg per ha),1378.1946153846152
Aurangabad,KHARIF SORGHUM YIELD (Kg per ha),1240.621923076923
Aurangabad,SOYABEAN YIELD (Kg per ha),1041.3073076923079
Aurangabad,PEARL MILLET YIELD (Kg per ha),872.5
Azamgarh,WHEAT YIELD (Kg per ha),2437.297692307692
Azamgarh,BARLEY YIELD (Kg per ha),1859.975
Azamgarh,RICE YIELD (Kg per ha),1850.3461538461538
Azamgarh,PEARL MILLET YIELD (Kg per ha),1408.6923076923076
Azamgarh,MAIZE YIELD (Kg per ha),1376.0392307692307
Bahraich,WHEAT YIELD (Kg per ha),2401.4823076923076
Bahraich,BARLEY YIELD (Kg per ha),2075.5261538461536
Bahraich,RICE YIELD (Kg per ha),1776.5
Bahraich,PEARL MILLET YIELD (Kg per ha),1490.9615384615386
Bahraich,SUNFLOWER YIELD (Kg per ha),1085.0265384615384
Balaghat,MAIZE YIELD (Kg per ha),1563.591923076923
Balaghat,SORGHUM YIELD (Kg per ha),1435.658076923077
Balaghat,KHARIF SORGHUM YIELD (Kg per ha),1430.0961538461538
Balaghat,RICE YIELD (Kg per ha),1256.8461538461538
Balaghat,PIGEONPEA YIELD (Kg per ha),1052.13
Balasore,GROUNDNUT YIELD (Kg per ha),1626.9615384615386
Balasore,WHEAT YIELD (Kg per ha),1536.901923076923
Balasore,RICE YIELD (Kg per ha),1476.6538461538462
Balasore,MAIZE YIELD (Kg per ha),1317.9796153846155
Balasore,OILSEEDS YIELD (Kg per ha),1063.7234615384616
Ballia,WHEAT YIELD (Kg per ha),2450.212307692308
Ballia,BARLEY YIELD (Kg per ha),1803.9011538461539
Ballia,RICE YIELD (Kg per ha),1745.4615384615386
Ballia,PEARL MILLET YIELD (Kg per ha),1333.6923076923076
Ballia,MAIZE YIELD (Kg per ha),1289.4980769230767
Banaskantha,WHEAT YIELD (Kg per ha),2657.446153846154
Banaskantha,CASTOR YIELD (Kg per ha),1956.625
Banaskantha,MAIZE YIELD (Kg per ha),1866.7350000000001
Banaskantha,OILSEEDS YIELD (Kg per ha),1525.831923076923
Banaskantha,RAPESEED AND MUSTARD YIELD (Kg per ha),1366.7873076923076
Banda,WHEAT YIELD (Kg per ha),1570.6419230769231
Banda,BARLEY YIELD (Kg per ha),1463.6615384615384
Banda,MAIZE YIELD (Kg per ha),1311.785
Banda,PIGEONPEA YIELD (Kg per ha),1229.663076923077
Banda,RICE YIELD (Kg per ha),1171.2692307692307
Bankura,RICE YIELD (Kg per ha),2584.5
Bankura,WHEAT YIELD (Kg per ha),2081.199230769231
Bankura,MAIZE YIELD (Kg per ha),1839.488076923077
Bankura,GROUNDNUT YIELD (Kg per ha),1149.423076923077
Bankura,CHICKPEA YIELD (Kg per ha),894.7692307692307
Banswara,WHEAT YIELD (Kg per ha),2085.625
Banswara,BARLEY YIELD (Kg per ha),1839.4092307692308
Banswara,GROUNDNUT YIELD (Kg per ha),1314.6538461538462
Banswara,MAIZE YIELD (Kg per ha),1181.9288461538463
Banswara,RAPESEED AND MUSTARD YIELD (Kg per ha),1117.5961538461538
Barabanki,WHEAT YIELD (Kg per ha),2765.2392307692307
Barabanki,RICE YIELD (Kg per ha),2223.230769230769
Barabanki,BARLEY YIELD (Kg per ha),2078.886153846154
Barabanki,PEARL MILLET YIELD (Kg per ha),1224.9615384615386
Barabanki,PIGEONPEA YIELD (Kg per ha),965.9042307692308
Bareilly,WHEAT YIELD (Kg per ha),2645.9280769230772
Bareilly,BARLEY YIELD (Kg per ha),2099.99
Bareilly,RICE YIELD (Kg per ha),2018.2307692307693
Bareilly,MAIZE YIELD (Kg per ha),1435.5092307692307
Bareilly,SUNFLOWER YIELD (Kg per ha),1303.7765384615386
Barmer,BARLEY YIELD (Kg per ha),2159.595384615385
Barmer,WHEAT YIELD (Kg per ha),1925.408846153846
Barmer,MAIZE YIELD (Kg per ha),992.9096153846154
Barmer,GROUNDNUT YIELD (Kg per ha),951.9615384615385
Barmer,RAPESEED AND MUSTARD YIELD (Kg per ha),938.0869230769232
Bastar,MAIZE YIELD (Kg per ha),1674.1957692307692
Bastar,WHEAT YIELD (Kg per ha),1600.8953846153845
Bastar,RICE YIELD (Kg per ha),1172.423076923077
Bastar,SOYABEAN YIELD (Kg per ha),988.8149999999999
Bastar,SORGHUM YIELD (Kg per ha),909.6423076923077
Basti,WHEAT YIELD (Kg per ha),2472.743076923077
Basti,BARLEY YIELD (Kg per ha),2241.4738461538464
Basti,RICE YIELD (Kg per ha),1846.0384615384614
Basti,PEARL MILLET YIELD (Kg per ha),1240.1923076923076
Basti,MAIZE YIELD (Kg per ha),1207.6415384615384
Beed,MAIZE YIELD (Kg per ha),1166.0753846153846
Beed,WHEAT YIELD (Kg per ha),1012.7473076923077
Beed,SOYABEAN YIELD (Kg per ha),995.4188461538462
Beed,KHARIF SORGHUM YIELD (Kg per ha),947.0011538461538
Beed,PEARL MILLET YIELD (Kg per ha),700.8846153846154
Belgaum,MAIZE YIELD (Kg per ha),2810.3650000000002
Belgaum,RICE YIELD (Kg per ha),1548.3846153846155
Belgaum,KHARIF SORGHUM YIELD (Kg per ha),1341.5742307692308
Belgaum,WHEAT YIELD (Kg per ha),1024.49
Belgaum,SORGHUM YIELD (Kg per ha),874.0211538461538
Bellary,RICE YIELD (Kg per ha),3227.653846153846
Bellary,MAIZE YIELD (Kg per ha),2884.4311538461543
Bellary,KHARIF SORGHUM YIELD (Kg per ha),1466.5900000000001
Bellary,SORGHUM YIELD (Kg per ha),1275.7676923076922
Bellary,RABI SORGHUM YIELD (Kg per ha),1069.1276923076923
Betul,MAIZE YIELD (Kg per ha),1674.3073076923076
Betul,WHEAT YIELD (Kg per ha),1647.8692307692306
Betul,GROUNDNUT YIELD (Kg per ha),1173.8076923076924
Betul,RICE YIELD (Kg per ha),1154.7692307692307
Betul,KHARIF SORGHUM YIELD (Kg per ha),965.4946153846154
Bhagalpur,MAIZE YIELD (Kg per ha),2532.340769230769
Bhagalpur,WHEAT YIELD (Kg per ha),1819.6269230769233
Bhagalpur,RICE YIELD (Kg per ha),1407.3846153846155
Bhagalpur,PIGEONPEA YIELD (Kg per ha),1127.0334615384616
Bhagalpur,SUNFLOWER YIELD (Kg per ha),1004.8315384615385
Bhandara,MAIZE YIELD (Kg per ha),1440.2684615384617
Bhandara,RICE YIELD (Kg per ha),1364.5384615384614
Bhandara,SOYABEAN YIELD (Kg per ha),951.8665384615384
Bhandara,GROUNDNUT YIELD (Kg per ha),922.2307692307693
Bhandara,WHEAT YIELD (Kg per ha),859.265
Bharatpur,WHEAT YIELD (Kg per ha),3478.658076923077
Bharatpur,BARLEY YIELD (Kg per ha),2642.944615384615
Bharatpur,RICE YIELD (Kg per ha),1545.2307692307693
Bharatpur,PEARL MILLET YIELD (Kg per ha),1344.8846153846155
Bharatpur,RAPESEED AND MUSTARD YIELD (Kg per ha),1227.353076923077
Bharuch,CASTOR YIELD (Kg per ha),1747.793846153846
Bharuch,MAIZE YIELD (Kg per ha),1418.1573076923075
Bharuch,WHEAT YIELD (Kg per ha),1400.0961538461538
Bharuch,GROUNDNUT YIELD (Kg per ha),1369.6923076923076
Bharuch,PEARL MILLET YIELD (Kg per ha),1369.3846153846155
Bhatinda,WHEAT YIELD (Kg per ha),4220.933076923076
Bhatinda,RICE YIELD (Kg per ha),3949.923076923077
Bhatinda,BARLEY YIELD (Kg per ha),3038.192692307692
Bhatinda,RAPESEED AND MUSTARD YIELD (Kg per ha),1164.5096153846155
Bhatinda,OILSEEDS YIELD (Kg per ha),962.3676923076923
Bhavnagar,WHEAT YIELD (Kg per ha),2483.2396153846153
Bhavnagar,CASTOR YIELD (Kg per ha),1832.2476923076924
Bhavnagar,PEARL MILLET YIELD (Kg per ha),1780.5384615384614
Bhavnagar,MAIZE YIELD (Kg per ha),1167.6092307692309
Bhavnagar,GROUNDNUT YIELD (Kg per ha),1099.6153846153845
Bhilwara,WHEAT YIELD (Kg per ha),2433.6776923076923
Bhilwara,BARLEY YIELD (Kg per ha),2066.0034615384616
Bhilwara,RICE YIELD (Kg per ha),1437.5
Bhilwara,MAIZE YIELD (Kg per ha),1241.871153846154
Bhilwara,SOYABEAN YIELD (Kg per ha),1093.7723076923075
Bhind,WHEAT YIELD (Kg per ha),2328.186923076923
Bhind,RICE YIELD (Kg per ha),2314.5
Bhind,BARLEY YIELD (Kg per ha),1918.7903846153847
Bhind,KHARIF SORGHUM YIELD (Kg per ha),1357.2111538461538
Bhind,SORGHUM YIELD (Kg per ha),1357.2111538461538
Bidar,MAIZE YIELD (Kg per ha),2182.021153846154
Bidar,KHARIF SORGHUM YIELD (Kg per ha),1363.3853846153845
Bidar,SORGHUM YIELD (Kg per ha),1092.3515384615384
Bidar,SAFFLOWER YIELD (Kg per ha),1051.0953846153845
Bidar,WHEAT YIELD (Kg per ha),905.8461538461538
Bijapur,MAIZE YIELD (Kg per ha),3028.226153846154
Bijapur,RICE YIELD (Kg per ha),1954.3076923076924
Bijapur,KHARIF SORGHUM YIELD (Kg per ha),1688.5584615384614
Bijapur,WHEAT YIELD (Kg per ha),883.1707692307692
Bijapur,SORGHUM YIELD (Kg per ha),803.6834615384615
Bijnor,WHEAT YIELD (Kg per ha),2815.7292307692305
Bijnor,RICE YIELD (Kg per ha),2667.3076923076924
Bijnor,BARLEY YIELD (Kg per ha),1994.4503846153846
Bijnor,MAIZE YIELD (Kg per ha),1245.696923076923
Bijnor,RAPESEED AND MUSTARD YIELD (Kg per ha),992.2184615384615
Bikaner,BARLEY YIELD (Kg per ha),1977.0265384615386
Bikaner,WHEAT YIELD (Kg per ha),1880.993846153846
Bikaner,GROUNDNUT YIELD (Kg per ha),1610.2307692307693
Bikaner,RICE YIELD (Kg per ha),1291.8461538461538
Bikaner,OILSEEDS YIELD (Kg per ha),1118.9053846153847
Bilashpur,MAIZE YIELD (Kg per ha),1985.9207692307693
Bilashpur,RICE YIELD (Kg per ha),1600.423076923077
Bilashpur,WHEAT YIELD (Kg per ha),1362.4696153846153
Bilashpur,BARLEY YIELD (Kg per ha),1318.5642307692308
Bilashpur,SOYABEAN YIELD (Kg per ha),800.3203846153847
Bilaspur,RICE YIELD (Kg per ha),1351.3846153846155
Bilaspur,MAIZE YIELD (Kg per ha),1316.2150000000001
Bilaspur,GROUNDNUT YIELD (Kg per ha),1137.3846153846155
Bilaspur,WHEAT YIELD (Kg per ha),995.1615384615385
Bilaspur,SOYABEAN YIELD (Kg per ha),909.8507692307692
Birbhum,RICE YIELD (Kg per ha),2772.8846153846152
Birbhum,WHEAT YIELD (Kg per ha),2612.3876923076923
Birbhum,MAIZE YIELD (Kg per ha),1404.3465384615386
Birbhum,GROUNDNUT YIELD (Kg per ha),1036.076923076923
Birbhum,CHICKPEA YIELD (Kg per ha),1035.7307692307693
Bolangir,WHEAT YIELD (Kg per ha),1496.875769230769
Bolangir,RICE YIELD (Kg per ha),1428.1153846153845
Bolangir,GROUNDNUT YIELD (Kg per ha),1321.8846153846155
Bolangir,MAIZE YIELD (Kg per ha),1251.5842307692308
Bolangir,SUNFLOWER YIELD (Kg per ha),886.6138461538461
Budaun,WHEAT YIELD (Kg per ha),2808.1561538461538
Budaun,BARLEY YIELD (Kg per ha),2096.665769230769
Budaun,RICE YIELD (Kg per ha),1768.0384615384614
Budaun,MAIZE YIELD (Kg per ha),1510.7196153846153
Budaun,PEARL MILLET YIELD (Kg per ha),1407.1153846153845
Buland Shahar,WHEAT YIELD (Kg per ha),3631.2296153846155
Buland Shahar,BARLEY YIELD (Kg per ha),3261.748461538462
Buland Shahar,RICE YIELD (Kg per ha),2248.3076923076924
Buland Shahar,MAIZE YIELD (Kg per ha),1945.6857692307692
Buland Shahar,PEARL MILLET YIELD (Kg per ha),1508.6153846153845
Buldhana,MAIZE YIELD (Kg per ha),1814.9915384615383
Buldhana,KHARIF SORGHUM YIELD (Kg per ha),1537.684230769231
Buldhana,WHEAT YIELD (Kg per ha),1503.8773076923076
Buldhana,SORGHUM YIELD (Kg per ha),1452.1157692307693
Buldhana,SOYABEAN YIELD (Kg per ha),1106.3796153846154
Bundi,WHEAT YIELD (Kg per ha),3106.805384615385
Bundi,BARLEY YIELD (Kg per ha),2329.588076923077
Bundi,MAIZE YIELD (Kg per ha),1612.5515384615387
Bundi,RICE YIELD (Kg per ha),1588.923076923077
Bundi,GROUNDNUT YIELD (Kg per ha),1311.5
Burdwan,RICE YIELD (Kg per ha),2934.6923076923076
Burdwan,WHEAT YIELD (Kg per ha),2282.0603846153845
Burdwan,GROUNDNUT YIELD (Kg per ha),1695.1538461538462
Burdwan,MAIZE YIELD (Kg per ha),1577.4846153846154
Burdwan,RAPESEED AND MUSTARD YIELD (Kg per ha),849.8469230769231
Cachar,RICE YIELD (Kg per ha),1867.8461538461538
Cachar,WHEAT YIELD (Kg per ha),1153.8565384615385
Cachar,PIGEONPEA YIELD (Kg per ha),711.7603846153846
Cachar,MAIZE YIELD (Kg per ha),674.6226923076924
Cachar,CHICKPEA YIELD (Kg per ha),530.3461538461538
Chamba,MAIZE YIELD (Kg per ha),2730.815769230769
Chamba,WHEAT YIELD (Kg per ha),1469.331153846154
Chamba,RICE YIELD (Kg per ha),1354.0384615384614
Chamba,BARLEY YIELD (Kg per ha),1259.7007692307693
Chamba,MINOR PULSES YIELD (Kg per ha),526.5176923076923
Chamoli,BARLEY YIELD (Kg per ha),1317.6803846153848
Chamoli,RICE YIELD (Kg per ha),1290.5384615384614
Chamoli,WHEAT YIELD (Kg per ha),1277.5280769230772
Chamoli,MAIZE YIELD (Kg per ha),1111.5653846153846
Chamoli,FINGER MILLET YIELD (Kg per ha),964.0646153846154
Chandrapur,MAIZE YIELD (Kg per ha),1638.701923076923
Chandrapur,RICE YIELD (Kg per ha),1251.1153846153845
Chandrapur,GROUNDNUT YIELD (Kg per ha),1078.1923076923076
Chandrapur,KHARIF SORGHUM YIELD (Kg per ha),1072.3915384615384
Chandrapur,SOYABEAN YIELD (Kg per ha),1035.2788461538462
Chengalpattu MGR / Kancheepuram,RICE YIELD (Kg per ha),3518.769230769231
Chengalpattu MGR / Kancheepuram,GROUNDNUT YIELD (Kg per ha),2844.769230769231
Chengalpattu MGR / Kancheepuram,FINGER MILLET YIELD (Kg per ha),2322.0492307692307
Chengalpattu MGR / Kancheepuram,OILSEEDS YIELD (Kg per ha),2093.866153846154
Chengalpattu MGR / Kancheepuram,PEARL MILLET YIELD (Kg per ha),1855.2307692307693
Chhatarpur,WHEAT YIELD (Kg per ha),1660.0407692307692
Chhatarpur,BARLEY YIELD (Kg per ha),1185.6938461538462
Chhatarpur,CHICKPEA YIELD (Kg per ha),973.3076923076923
Chhatarpur,MAIZE YIELD (Kg per ha),837.7557692307693
Chhatarpur,SORGHUM YIELD (Kg per ha),828.49
Chhindwara,MAIZE YIELD (Kg per ha),2453.9480769230768
Chhindwara,WHEAT YIELD (Kg per ha),2100.0080769230767
Chhindwara,PIGEONPEA YIELD (Kg per ha),1446.0861538461538
Chhindwara,GROUNDNUT YIELD (Kg per ha),1433.7307692307693
Chhindwara,CHICKPEA YIELD (Kg per ha),1254.8461538461538
Chickmagalur,MAIZE YIELD (Kg per ha),2658.2834615384613
Chickmagalur,RICE YIELD (Kg per ha),2416.576923076923
Chickmagalur,FINGER MILLET YIELD (Kg per ha),1383.5342307692308
Chickmagalur,GROUNDNUT YIELD (Kg per ha),960.5384615384615
Chickmagalur,KHARIF SORGHUM YIELD (Kg per ha),917.3107692307692
Chitradurga,MAIZE YIELD (Kg per ha),2805.826153846154
Chitradurga,RICE YIELD (Kg per ha),2550.269230769231
Chitradurga,KHARIF SORGHUM YIELD (Kg per ha),1752.4565384615385
Chitradurga,SORGHUM YIELD (Kg per ha),1324.2342307692309
Chitradurga,FINGER MILLET YIELD (Kg per ha),1293.5857692307693
Chittoor,MAIZE YIELD (Kg per ha),3346.6746153846157
Chittoor,RICE YIELD (Kg per ha),2678.8846153846152
Chittoor,PEARL MILLET YIELD (Kg per ha),1514.3846153846155
Chittoor,FINGER MILLET YIELD (Kg per ha),1070.0223076923075
Chittoor,GROUNDNUT YIELD (Kg per ha),1055.2692307692307
Chittorgarh,WHEAT YIELD (Kg per ha),2990.769230769231
Chittorgarh,BARLEY YIELD (Kg per ha),2287.716153846154
Chittorgarh,MAIZE YIELD (Kg per ha),1813.2134615384616
Chittorgarh,RICE YIELD (Kg per ha),1414.423076923077
Chittorgarh,GROUNDNUT YIELD (Kg per ha),1182.3461538461538
Churu,WHEAT YIELD (Kg per ha),2251.458076923077
Churu,BARLEY YIELD (Kg per ha),1660.1565384615385
Churu,GROUNDNUT YIELD (Kg per ha),1562.8846153846155
Churu,OILSEEDS YIELD (Kg per ha),1065.481153846154
Churu,RAPESEED AND MUSTARD YIELD (Kg per ha),900.146923076923
Coimbatore,RICE YIELD (Kg per ha),3542.346153846154
Coimbatore,MAIZE YIELD (Kg per ha),3160.033076923077
Coimbatore,FINGER MILLET YIELD (Kg per ha),1910.0238461538463
Coimbatore,PEARL MILLET YIELD (Kg per ha),1897.3461538461538
Coimbatore,GROUNDNUT YIELD (Kg per ha),1569.576923076923
Cooch Behar,MAIZE YIELD (Kg per ha),3364.7784615384617
Cooch Behar,WHEAT YIELD (Kg per ha),1889.0
Cooch Behar,RICE YIELD (Kg per ha),1776.7307692307693
Cooch Behar,GROUNDNUT YIELD (Kg per ha),664.5384615384615
Cooch Behar,MINOR PULSES YIELD (Kg per ha),629.5726923076923
Cuttack,RICE YIELD (Kg per ha),1613.3846153846155
Cuttack,WHEAT YIELD (Kg per ha),1607.5988461538461
Cuttack,GROUNDNUT YIELD (Kg per ha),1567.8846153846155
Cuttack,OILSEEDS YIELD (Kg per ha),1371.958076923077
Cuttack,MAIZE YIELD (Kg per ha),1245.2396153846153
Dakshina Kannada,RICE YIELD (Kg per ha),2230.9615384615386
Dakshina Kannada,OILSEEDS YIELD (Kg per ha),1301.753846153846
Dakshina Kannada,MAIZE YIELD (Kg per ha),1249.3588461538461
Dakshina Kannada,GROUNDNUT YIELD (Kg per ha),449.3076923076923
Dakshina Kannada,MINOR PULSES YIELD (Kg per ha),406.01653846153846
Damoh,MAIZE YIELD (Kg per ha),1663.4211538461536
Damoh,WHEAT YIELD (Kg per ha),1567.7696153846155
Damoh,KHARIF SORGHUM YIELD (Kg per ha),1323.0261538461539
Damoh,SORGHUM YIELD (Kg per ha),1321.591923076923
Damoh,GROUNDNUT YIELD (Kg per ha),947.8846153846154
Dangs,WHEAT YIELD (Kg per ha),2269.9461538461537
Dangs,RICE YIELD (Kg per ha),1291.8846153846155
Dangs,GROUNDNUT YIELD (Kg per ha),1275.5384615384614
Dangs,MAIZE YIELD (Kg per ha),1182.0392307692307
Dangs,SORGHUM YIELD (Kg per ha),1170.7915384615385
Darbhanga,MAIZE YIELD (Kg per ha),2743.87
Darbhanga,WHEAT YIELD (Kg per ha),1879.3861538461538
Darbhanga,PIGEONPEA YIELD (Kg per ha),1198.3600000000001
Darbhanga,BARLEY YIELD (Kg per ha),1074.4826923076923
Darbhanga,RAPESEED AND MUSTARD YIELD (Kg per ha),1055.3453846153845
Darjeeling,MAIZE YIELD (Kg per ha),3121.1123076923077
Darjeeling,RICE YIELD (Kg per ha),1713.9615384615386
Darjeeling,WHEAT YIELD (Kg per ha),1568.460769230769
Darjeeling,FINGER MILLET YIELD (Kg per ha),1042.1142307692307
Darjeeling,GROUNDNUT YIELD (Kg per ha),744.9230769230769
Darrang,RICE YIELD (Kg per ha),1499.3846153846155
Darrang,WHEAT YIELD (Kg per ha),1159.4515384615383
Darrang,MAIZE YIELD (Kg per ha),1069.095769230769
Darrang,PIGEONPEA YIELD (Kg per ha),737.7173076923077
Darrang,CHICKPEA YIELD (Kg per ha),659.0384615384615
Datia,WHEAT YIELD (Kg per ha),2256.895
Datia,BARLEY YIELD (Kg per ha),2005.5976923076923
Datia,CHICKPEA YIELD (Kg per ha),1177.576923076923
Datia,MAIZE YIELD (Kg per ha),1168.7734615384616
Datia,PEARL MILLET YIELD (Kg per ha),1084.2561943587204
Dehradun,RICE YIELD (Kg per ha),1937.3846153846155
Dehradun,WHEAT YIELD (Kg per ha),1822.563076923077
Dehradun,MAIZE YIELD (Kg per ha),1565.681923076923
Dehradun,BARLEY YIELD (Kg per ha),1528.2173076923077
Dehradun,FINGER MILLET YIELD (Kg per ha),928.3323076923077
Deoria,WHEAT YIELD (Kg per ha),2526.291923076923
Deoria,BARLEY YIELD (Kg per ha),2084.187692307692
Deoria,RICE YIELD (Kg per ha),1927.5
Deoria,PEARL MILLET YIELD (Kg per ha),1638.076923076923
Deoria,MAIZE YIELD (Kg per ha),1493.926153846154
Dewas,WHEAT YIELD (Kg per ha),2290.1457692307695
Dewas,MAIZE YIELD (Kg per ha),1360.1353846153845
Dewas,KHARIF SORGHUM YIELD (Kg per ha),1205.816923076923
Dewas,SORGHUM YIELD (Kg per ha),1204.3192307692307
Dewas,GROUNDNUT YIELD (Kg per ha),1136.4615384615386
Dhanbad,RICE YIELD (Kg per ha),1648.3084137191854
Dhanbad,PIGEONPEA YIELD (Kg per ha),1475.5808333333334
Dhanbad,WHEAT YIELD (Kg per ha),1268.8833333333334
Dhanbad,MAIZE YIELD (Kg per ha),1032.1333333333334
Dhanbad,RAPESEED AND MUSTARD YIELD (Kg per ha),919.3741666666666
Dhar,WHEAT YIELD (Kg per ha),2156.5950000000003
Dhar,MAIZE YIELD (Kg per ha),1583.223076923077
Dhar,SOYABEAN YIELD (Kg per ha),1121.7646153846154
Dhar,OILSEEDS YIELD (Kg per ha),986.6326923076923
Dhar,GROUNDNUT YIELD (Kg per ha),886.8846153846154
Dharwad,MAIZE YIELD (Kg per ha),2674.738076923077
Dharwad,KHARIF SORGHUM YIELD (Kg per ha),1249.8480769230769
Dharwad,RICE YIELD (Kg per ha),1066.1153846153845
Dharwad,FINGER MILLET YIELD (Kg per ha),912.4273076923077
Dharwad,SORGHUM YIELD (Kg per ha),778.8776923076923
Dhenkanal,WHEAT YIELD (Kg per ha),1656.5311538461538
Dhenkanal,RICE YIELD (Kg per ha),1563.6538461538462
Dhenkanal,GROUNDNUT YIELD (Kg per ha),1335.7692307692307
Dhenkanal,MAIZE YIELD (Kg per ha),1071.2269230769232
Dhenkanal,PIGEONPEA YIELD (Kg per ha),749.9146153846153
Dhule,MAIZE YIELD (Kg per ha),1822.5426923076923
Dhule,WHEAT YIELD (Kg per ha),1605.2234615384614
Dhule,KHARIF SORGHUM YIELD (Kg per ha),1335.456153846154
Dhule,SOYABEAN YIELD (Kg per ha),1293.5803846153844
Dhule,SORGHUM YIELD (Kg per ha),1199.6019230769232
Dibrugarh,RICE YIELD (Kg per ha),1725.8846153846155
Dibrugarh,WHEAT YIELD (Kg per ha),1168.315
Dibrugarh,MAIZE YIELD (Kg per ha),812.98
Dibrugarh,PIGEONPEA YIELD (Kg per ha),762.0538461538462
Dibrugarh,RAPESEED AND MUSTARD YIELD (Kg per ha),586.3184615384615
Dungarpur,BARLEY YIELD (Kg per ha),2321.6434615384615
Dungarpur,WHEAT YIELD (Kg per ha),1925.2503846153847
Dungarpur,GROUNDNUT YIELD (Kg per ha),1253.4615384615386
Dungarpur,RAPESEED AND MUSTARD YIELD (Kg per ha),1046.4438461538462
Dungarpur,CHICKPEA YIELD (Kg per ha),1027.6923076923076
Durg,RICE YIELD (Kg per ha),1381.3076923076924
Durg,MAIZE YIELD (Kg per ha),1164.3488461538461
Durg,GROUNDNUT YIELD (Kg per ha),1058.0
Durg,SORGHUM YIELD (Kg per ha),818.3573076923077
Durg,SOYABEAN YIELD (Kg per ha),803.2492307692307
East Godavari,MAIZE YIELD (Kg per ha),5371.429615384614
East Godavari,RICE YIELD (Kg per ha),3133.769230769231
East Godavari,GROUNDNUT YIELD (Kg per ha),1790.8461538461538
East Godavari,CHICKPEA YIELD (Kg per ha),1176.7692307692307
East Godavari,OILSEEDS YIELD (Kg per ha),1154.771923076923
Eranakulam,RICE YIELD (Kg per ha),1885.2692307692307
Eranakulam,MINOR PULSES YIELD (Kg per ha),838.3096153846153
Eranakulam,FINGER MILLET YIELD (Kg per ha),557.6715384615384
Eranakulam,SESAMUM YIELD (Kg per ha),334.08076923076925
Eranakulam,PIGEONPEA YIELD (Kg per ha),153.84615384615384
Etah,WHEAT YIELD (Kg per ha),2883.451538461539
Etah,BARLEY YIELD (Kg per ha),2674.303846153846
Etah,RICE YIELD (Kg per ha),1968.5384615384614
Etah,MAIZE YIELD (Kg per ha),1897.4257692307692
Etah,PEARL MILLET YIELD (Kg per ha),1779.8461538461538
Etawah,WHEAT YIELD (Kg per ha),3060.3934615384615
Etawah,RICE YIELD (Kg per ha),2418.153846153846
Etawah,BARLEY YIELD (Kg per ha),2390.9073076923078
Etawah,MAIZE YIELD (Kg per ha),1903.7776923076924
Etawah,PEARL MILLET YIELD (Kg per ha),1684.0
Faizabad,WHEAT YIELD (Kg per ha),2681.3792307692306
Faizabad,RICE YIELD (Kg per ha),2205.346153846154
Faizabad,BARLEY YIELD (Kg per ha),2050.13
Faizabad,MAIZE YIELD (Kg per ha),1179.221923076923
Faizabad,PEARL MILLET YIELD (Kg per ha),1081.3076923076924
Farrukhabad,WHEAT YIELD (Kg per ha),3168.4776923076925
Farrukhabad,BARLEY YIELD (Kg per ha),2360.300769230769
Farrukhabad,RICE YIELD (Kg per ha),2127.3846153846152
Farrukhabad,MAIZE YIELD (Kg per ha),1876.276923076923
Farrukhabad,SUNFLOWER YIELD (Kg per ha),1386.676153846154
Fatehpur,WHEAT YIELD (Kg per ha),2536.3223076923077
Fatehpur,RICE YIELD (Kg per ha),1918.076923076923
Fatehpur,MAIZE YIELD (Kg per ha),1540.76
Fatehpur,BARLEY YIELD (Kg per ha),1410.2923076923075
Fatehpur,PIGEONPEA YIELD (Kg per ha),1404.1973076923075
Ferozpur,WHEAT YIELD (Kg per ha),4322.301153846154
Ferozpur,RICE YIELD (Kg per ha),3713.8846153846152
Ferozpur,BARLEY YIELD (Kg per ha),3315.79
Ferozpur,RAPESEED AND MUSTARD YIELD (Kg per ha),1276.7826923076923
Ferozpur,OILSEEDS YIELD (Kg per ha),972.1169230769231
Ganganagar,WHEAT YIELD (Kg per ha),3081.371923076923
Ganganagar,RICE YIELD (Kg per ha),2447.769230769231
Ganganagar,BARLEY YIELD (Kg per ha),2311.6773076923077
Ganganagar,GROUNDNUT YIELD (Kg per ha),1465.6153846153845
Ganganagar,MAIZE YIELD (Kg per ha),1270.3492307692309
Ganjam,WHEAT YIELD (Kg per ha),1905.695
Ganjam,RICE YIELD (Kg per ha),1608.3846153846155
Ganjam,MAIZE YIELD (Kg per ha),1410.9653846153847
Ganjam,GROUNDNUT YIELD (Kg per ha),1341.3461538461538
Ganjam,FINGER MILLET YIELD (Kg per ha),879.5842307692308
Garhwal,WHEAT YIELD (Kg per ha),1085.878846153846
Garhwal,RICE YIELD (Kg per ha),1079.3076923076924
Garhwal,MAIZE YIELD (Kg per ha),1034.3899999999999
Garhwal,BARLEY YIELD (Kg per ha),993.6838461538462
Garhwal,FINGER MILLET YIELD (Kg per ha),786.6492307692308
Gaya,WHEAT YIELD (Kg per ha),1973.5042307692308
Gaya,MAIZE YIELD (Kg per ha),1942.1103846153844
Gaya,RICE YIELD (Kg per ha),1756.3076923076924
Gaya,PIGEONPEA YIELD (Kg per ha),1129.941923076923
Gaya,SUNFLOWER YIELD (Kg per ha),1029.4707692307693
Ghazipur,WHEAT YIELD (Kg per ha),2336.4049999999997
Ghazipur,RICE YIELD (Kg per ha),2015.7692307692307
Ghazipur,BARLEY YIELD (Kg per ha),1609.4676923076922
Ghazipur,MAIZE YIELD (Kg per ha),1319.0473076923079
Ghazipur,PEARL MILLET YIELD (Kg per ha),1204.6153846153845
Goalpara,RICE YIELD (Kg per ha),1655.8461538461538
Goalpara,WHEAT YIELD (Kg per ha),1321.3511538461537
Goalpara,MAIZE YIELD (Kg per ha),833.91
Goalpara,PIGEONPEA YIELD (Kg per ha),799.4396153846154
Goalpara,RAPESEED AND MUSTARD YIELD (Kg per ha),548.6611538461539
Gonda,WHEAT YIELD (Kg per ha),2492.7184615384617
Gonda,BARLEY YIELD (Kg per ha),2050.9684615384617
Gonda,RICE YIELD (Kg per ha),1881.0384615384614
Gonda,PEARL MILLET YIELD (Kg per ha),1023.8461538461538
Gonda,MAIZE YIELD (Kg per ha),974.0823076923077
Gorakhpur,WHEAT YIELD (Kg per ha),2505.101153846154
Gorakhpur,BARLEY YIELD (Kg per ha),2083.8553846153845
Gorakhpur,RICE YIELD (Kg per ha),1779.6153846153845
Gorakhpur,PEARL MILLET YIELD (Kg per ha),1548.6153846153845
Gorakhpur,SUNFLOWER YIELD (Kg per ha),1381.908076923077
Gulbarga,MAIZE YIELD (Kg per ha),2399.028076923077
Gulbarga,RICE YIELD (Kg per ha),1989.6538461538462
Gulbarga,KHARIF SORGHUM YIELD (Kg per ha),1032.4869230769232
Gulbarga,WHEAT YIELD (Kg per ha),824.1423076923077
Gulbarga,SORGHUM YIELD (Kg per ha),797.25
Guna,BARLEY YIELD (Kg per ha),1708.4453846153847
Guna,WHEAT YIELD (Kg per ha),1544.2692307692307
Guna,GROUNDNUT YIELD (Kg per ha),1349.1923076923076
Guna,MAIZE YIELD (Kg per ha),1322.801153846154
Guna,PEARL MILLET YIELD (Kg per ha),1032.2561943587204
Guntur,MAIZE YIELD (Kg per ha),5899.908076923077
Guntur,RICE YIELD (Kg per ha),3194.5384615384614
Guntur,RABI SORGHUM YIELD (Kg per ha),2574.5903846153847
Guntur,SORGHUM YIELD (Kg per ha),2432.7384615384613
Guntur,GROUNDNUT YIELD (Kg per ha),2226.5384615384614
Gurdaspur,WHEAT YIELD (Kg per ha),3987.201153846154
Gurdaspur,RICE YIELD (Kg per ha),2942.1153846153848
Gurdaspur,MAIZE YIELD (Kg per ha),2075.0280769230767
Gurdaspur,RAPESEED AND MUSTARD YIELD (Kg per ha),1012.1519230769231
Gurdaspur,OILSEEDS YIELD (Kg per ha),708.5226923076923
Gurgaon,WHEAT YIELD (Kg per ha),3781.7926923076925
Gurgaon,RICE YIELD (Kg per ha),2868.6153846153848
Gurgaon,BARLEY YIELD (Kg per ha),2851.004615384615
Gurgaon,PEARL MILLET YIELD (Kg per ha),1394.3076923076924
Gurgaon,RAPESEED AND MUSTARD YIELD (Kg per ha),1378.4203846153846
Gwalior,WHEAT YIELD (Kg per ha),2613.4357692307694
Gwalior,BARLEY YIELD (Kg per ha),2447.735
Gwalior,RICE YIELD (Kg per ha),2084.3076923076924
Gwalior,KHARIF SORGHUM YIELD (Kg per ha),1792.481923076923
Gwalior,SORGHUM YIELD (Kg per ha),1792.481923076923
Hamirpur,WHEAT YIELD (Kg per ha),1867.595
Hamirpur,BARLEY YIELD (Kg per ha),1477.8442307692308
Hamirpur,RICE YIELD (Kg per ha),1123.3461538461538
Hamirpur,MAIZE YIELD (Kg per ha),1084.5661538461538
Hamirpur,PIGEONPEA YIELD (Kg per ha),1036.0203846153845
Hardoi,WHEAT YIELD (Kg per ha),2798.9346153846154
Hardoi,RICE YIELD (Kg per ha),2023.0384615384614
Hardoi,BARLEY YIELD (Kg per ha),1636.2773076923077
Hardoi,MAIZE YIELD (Kg per ha),1431.6569230769232
Hardoi,SUNFLOWER YIELD (Kg per ha),1405.5261538461539
Hassan,MAIZE YIELD (Kg per ha),3217.765
Hassan,RICE YIELD (Kg per ha),2489.1153846153848
Hassan,FINGER MILLET YIELD (Kg per ha),1420.6673076923075
Hassan,KHARIF SORGHUM YIELD (Kg per ha),1128.758076923077
Hassan,SORGHUM YIELD (Kg per ha),992.9915384615384
Hazaribagh,RICE YIELD (Kg per ha),1490.9334137191854
Hazaribagh,WHEAT YIELD (Kg per ha),1395.18
Hazaribagh,MAIZE YIELD (Kg per ha),1235.4920833333333
Hazaribagh,PIGEONPEA YIELD (Kg per ha),1177.3983333333333
Hazaribagh,CHICKPEA YIELD (Kg per ha),796.1666666666666
Hissar,WHEAT YIELD (Kg per ha),4208.135384615385
Hissar,BARLEY YIELD (Kg per ha),2988.076153846154
Hissar,RICE YIELD (Kg per ha),2724.3076923076924
Hissar,PEARL MILLET YIELD (Kg per ha),1644.4615384615386
Hissar,RAPESEED AND MUSTARD YIELD (Kg per ha),1345.576153846154
Hooghly,RICE YIELD (Kg per ha),2690.3846153846152
Hooghly,WHEAT YIELD (Kg per ha),2071.4696153846153
Hooghly,GROUNDNUT YIELD (Kg per ha),1685.6923076923076
Hooghly,MAIZE YIELD (Kg per ha),1152.4257692307692
Hooghly,SESAMUM YIELD (Kg per ha),873.2323076923077
Hoshangabad,WHEAT YIELD (Kg per ha),2600.869230769231
Hoshangabad,RICE YIELD (Kg per ha),1624.6153846153845
Hoshangabad,MAIZE YIELD (Kg per ha),1570.4942307692306
Hoshangabad,BARLEY YIELD (Kg per ha),1556.1115384615384
Hoshangabad,RABI SORGHUM YIELD (Kg per ha),1306.3923076923077
Hoshiarpur,WHEAT YIELD (Kg per ha),3630.9361538461535
Hoshiarpur,RICE YIELD (Kg per ha),3148.1153846153848
Hoshiarpur,MAIZE YIELD (Kg per ha),2857.6953846153847
Hoshiarpur,SUNFLOWER YIELD (Kg per ha),1322.194230769231
Hoshiarpur,GROUNDNUT YIELD (Kg per ha),1113.7692307692307
Hyderabad,MAIZE YIELD (Kg per ha),2791.1973076923077
Hyderabad,FINGER MILLET YIELD (Kg per ha),1367.9980769230767
Hyderabad,KHARIF SORGHUM YIELD (Kg per ha),1027.4303846153846
Hyderabad,SORGHUM YIELD (Kg per ha),987.015
Hyderabad,RABI SORGHUM YIELD (Kg per ha),892.7284615384615
Indore,WHEAT YIELD (Kg per ha),2560.6549999999997
Indore,MAIZE YIELD (Kg per ha),1294.5515384615383
Indore,KHARIF SORGHUM YIELD (Kg per ha),1175.329230769231
Indore,SORGHUM YIELD (Kg per ha),1175.329230769231
Indore,SOYABEAN YIELD (Kg per ha),1146.5884615384616
Jabalpur,WHEAT YIELD (Kg per ha),1563.0173076923077
Jabalpur,MAIZE YIELD (Kg per ha),1408.5019230769233
Jabalpur,BARLEY YIELD (Kg per ha),1123.34
Jabalpur,KHARIF SORGHUM YIELD (Kg per ha),1037.5
Jabalpur,SORGHUM YIELD (Kg per ha),1036.3373076923076
Jaipur,WHEAT YIELD (Kg per ha),2832.008846153846
Jaipur,BARLEY YIELD (Kg per ha),2433.1996153846153
Jaipur,GROUNDNUT YIELD (Kg per ha),1374.923076923077
Jaipur,PEARL MILLET YIELD (Kg per ha),1041.0
Jaipur,MAIZE YIELD (Kg per ha),1033.4526923076924
Jaisalmer,BARLEY YIELD (Kg per ha),2129.21
Jaisalmer,WHEAT YIELD (Kg per ha),2104.36
Jaisalmer,GROUNDNUT YIELD (Kg per ha),1144.1153846153845
Jaisalmer,RAPESEED AND MUSTARD YIELD (Kg per ha),792.3696153846154
Jaisalmer,OILSEEDS YIELD (Kg per ha),778.5630769230769
Jalandhar,WHEAT YIELD (Kg per ha),4321.115384615385
Jalandhar,RICE YIELD (Kg per ha),3538.653846153846
Jalandhar,MAIZE YIELD (Kg per ha),3084.2534615384616
Jalandhar,SUNFLOWER YIELD (Kg per ha),1256.5988461538461
Jalandhar,RAPESEED AND MUSTARD YIELD (Kg per ha),1189.478076923077
Jalaun,WHEAT YIELD (Kg per ha),2662.386923076923
Jalaun,BARLEY YIELD (Kg per ha),1861.5492307692307
Jalaun,PIGEONPEA YIELD (Kg per ha),1204.8488461538461
Jalaun,RICE YIELD (Kg per ha),1070.076923076923
Jalaun,MINOR PULSES YIELD (Kg per ha),1044.0365384615384
Jalgaon,MAIZE YIELD (Kg per ha),2145.659230769231
Jalgaon,KHARIF SORGHUM YIELD (Kg per ha),1902.6434615384617
Jalgaon,WHEAT YIELD (Kg per ha),1886.8465384615386
Jalgaon,SORGHUM YIELD (Kg per ha),1751.1184615384616
Jalgaon,SOYABEAN YIELD (Kg per ha),1581.6299999999999
Jalore,BARLEY YIELD (Kg per ha),2253.306923076923
Jalore,WHEAT YIELD (Kg per ha),1641.7130769230769
Jalore,MAIZE YIELD (Kg per ha),1316.1719230769231
Jalore,GROUNDNUT YIELD (Kg per ha),1231.5
Jalore,CASTOR YIELD (Kg per ha),1153.6100000000001
Jalpaiguri,MAIZE YIELD (Kg per ha),2015.0315384615385
Jalpaiguri,WHEAT YIELD (Kg per ha),1913.2434615384616
Jalpaiguri,RICE YIELD (Kg per ha),1625.6538461538462
Jalpaiguri,GROUNDNUT YIELD (Kg per ha),1555.5
Jalpaiguri,FINGER MILLET YIELD (Kg per ha),720.1407692307693
Jamnagar,WHEAT YIELD (Kg per ha),2765.954230769231
Jamnagar,CASTOR YIELD (Kg per ha),2303.401923076923
Jamnagar,RAPESEED AND MUSTARD YIELD (Kg per ha),1306.7292307692308
Jamnagar,PEARL MILLET YIELD (Kg per ha),1213.5384615384614
Jamnagar,GROUNDNUT YIELD (Kg per ha),1110.576923076923
Jaunpur,WHEAT YIELD (Kg per ha),2500.5388461538464
Jaunpur,RICE YIELD (Kg per ha),2014.0
Jaunpur,BARLEY YIELD (Kg per ha),1592.066923076923
Jaunpur,MAIZE YIELD (Kg per ha),1489.654230769231
Jaunpur,SUNFLOWER YIELD (Kg per ha),1138.8276923076924
Jhabua,WHEAT YIELD (Kg per ha),1972.8300000000002
Jhabua,MAIZE YIELD (Kg per ha),1333.6884615384615
Jhabua,GROUNDNUT YIELD (Kg per ha),858.9230769230769
Jhabua,SORGHUM YIELD (Kg per ha),851.8142307692308
Jhabua,KHARIF SORGHUM YIELD (Kg per ha),850.413076923077
Jhalawar,WHEAT YIELD (Kg per ha),2806.9826923076926
Jhalawar,BARLEY YIELD (Kg per ha),2323.191923076923
Jhalawar,RICE YIELD (Kg per ha),1524.1538461538462
Jhalawar,MAIZE YIELD (Kg per ha),1509.1003846153847
Jhalawar,GROUNDNUT YIELD (Kg per ha),1131.5
Jhansi,WHEAT YIELD (Kg per ha),2139.0261538461536
Jhansi,BARLEY YIELD (Kg per ha),1666.59
Jhansi,RICE YIELD (Kg per ha),1269.6538461538462
Jhansi,SUNFLOWER YIELD (Kg per ha),1171.6696153846153
Jhansi,MAIZE YIELD (Kg per ha),1002.4711538461538
Jhargram,RICE YIELD (Kg per ha),2115.5
Jhargram,WHEAT YIELD (Kg per ha),1657.7865384615384
Jhargram,GROUNDNUT YIELD (Kg per ha),1461.076923076923
Jhargram,OILSEEDS YIELD (Kg per ha),956.5796153846154
Jhargram,SESAMUM YIELD (Kg per ha),925.2123076923077
Jhunjhunu,WHEAT YIELD (Kg per ha),2969.6076923076926
Jhunjhunu,BARLEY YIELD (Kg per ha),2306.4553846153844
Jhunjhunu,GROUNDNUT YIELD (Kg per ha),1289.923076923077
Jhunjhunu,OILSEEDS YIELD (Kg per ha),1034.8065384615386
Jhunjhunu,RAPESEED AND MUSTARD YIELD (Kg per ha),1033.4307692307693
Jind,WHEAT YIELD (Kg per ha),4114.556153846153
Jind,BARLEY YIELD (Kg per ha),3431.829615384616
Jind,RICE YIELD (Kg per ha),2448.423076923077
Jind,PEARL MILLET YIELD (Kg per ha),1616.0384615384614
Jind,RAPESEED AND MUSTARD YIELD (Kg per ha),1252.591923076923
Jodhpur,BARLEY YIELD (Kg per ha),2301.0861538461536
Jodhpur,WHEAT YIELD (Kg per ha),2077.6665384615385
Jodhpur,GROUNDNUT YIELD (Kg per ha),1371.423076923077
Jodhpur,RAPESEED AND MUSTARD YIELD (Kg per ha),1040.8403846153847
Jodhpur,MAIZE YIELD (Kg per ha),926.2819230769231
Junagadh,WHEAT YIELD (Kg per ha),3456.8276923076924
Junagadh,CASTOR YIELD (Kg per ha),2033.3111538461537
Junagadh,PEARL MILLET YIELD (Kg per ha),1882.6153846153845
Junagadh,GROUNDNUT YIELD (Kg per ha),1502.8846153846155
Junagadh,OILSEEDS YIELD (Kg per ha),1495.1515384615386
Kadapa YSR,MAIZE YIELD (Kg per ha),3258.5142307692304
Kadapa YSR,RICE YIELD (Kg per ha),2626.230769230769
Kadapa YSR,PEARL MILLET YIELD (Kg per ha),1781.923076923077
Kadapa YSR,FINGER MILLET YIELD (Kg per ha),1528.6015384615384
Kadapa YSR,KHARIF SORGHUM YIELD (Kg per ha),1258.9184615384615
Kalahandi,MAIZE YIELD (Kg per ha),1688.5961538461538
Kalahandi,GROUNDNUT YIELD (Kg per ha),1537.1153846153845
Kalahandi,RICE YIELD (Kg per ha),1300.2692307692307
Kalahandi,WHEAT YIELD (Kg per ha),1294.3826923076922
Kalahandi,SUNFLOWER YIELD (Kg per ha),953.3561538461539
Kamrup,RICE YIELD (Kg per ha),1629.5
Kamrup,WHEAT YIELD (Kg per ha),1183.0207692307692
Kamrup,MAIZE YIELD (Kg per ha),1017.84
Kamrup,PIGEONPEA YIELD (Kg per ha),756.3742307692307
Kamrup,RAPESEED AND MUSTARD YIELD (Kg per ha),546.0830769230769
Kangra,MAIZE YIELD (Kg per ha),1851.7192307692308
Kangra,WHEAT YIELD (Kg per ha),1429.753846153846
Kangra,RICE YIELD (Kg per ha),1411.6923076923076
Kangra,BARLEY YIELD (Kg per ha),1299.572307692308
Kangra,SOYABEAN YIELD (Kg per ha),998.5388461538461
Kannur,RICE YIELD (Kg per ha),1827.6153846153845
Kannur,MINOR PULSES YIELD (Kg per ha),709.6834615384615
Kannur,SESAMUM YIELD (Kg per ha),209.38153846153847
Kannur,PIGEONPEA YIELD (Kg per ha),194.1573076923077
Kannur,OILSEEDS YIELD (Kg per ha),63.55153846153847
Kanyakumari,RICE YIELD (Kg per ha),4200.307692307692
Kanyakumari,GROUNDNUT YIELD (Kg per ha),1631.8461538461538
Kanyakumari,MAIZE YIELD (Kg per ha),630.7692307692307
Kanyakumari,MINOR PULSES YIELD (Kg per ha),411.4326923076923
Kanyakumari,OILSEEDS YIELD (Kg per ha),185.4496153846154
Kapurthala,WHEAT YIELD (Kg per ha),4225.877692307693
Kapurthala,RICE YIELD (Kg per ha),3492.4615384615386
Kapurthala,MAIZE YIELD (Kg per ha),3394.8726923076924
Kapurthala,SUNFLOWER YIELD (Kg per ha),1219.7457692307692
Kapurthala,OILSEEDS YIELD (Kg per ha),1139.5053846153846
Karbi Anglong,RICE YIELD (Kg per ha),1514.3846153846155
Karbi Anglong,WHEAT YIELD (Kg per ha),1430.4723076923076
Karbi Anglong,MAIZE YIELD (Kg per ha),1011.8407692307693
Karbi Anglong,PIGEONPEA YIELD (Kg per ha),703.1561538461539
Karbi Anglong,SESAMUM YIELD (Kg per ha),674.4088461538462
Karimnagar,MAIZE YIELD (Kg per ha),3877.201153846154
Karimnagar,RICE YIELD (Kg per ha),3081.576923076923
Karimnagar,GROUNDNUT YIELD (Kg per ha),1435.3846153846155
Karimnagar,OILSEEDS YIELD (Kg per ha),1165.7423076923076
Karimnagar,SUNFLOWER YIELD (Kg per ha),1144.7292307692308
Karnal,WHEAT YIELD (Kg per ha),4284.9388461538465
Karnal,RICE YIELD (Kg per ha),2882.269230769231
Karnal,OILSEEDS YIELD (Kg per ha),1623.0638461538463
Karnal,PEARL MILLET YIELD (Kg per ha),1581.3461538461538
Karnal,MAIZE YIELD (Kg per ha),1543.6753846153845
Keonjhar,WHEAT YIELD (Kg per ha),1507.0384615384614
Keonjhar,MAIZE YIELD (Kg per ha),1303.5584615384614
Keonjhar,RICE YIELD (Kg per ha),1250.076923076923
Keonjhar,GROUNDNUT YIELD (Kg per ha),1195.4615384615386
Keonjhar,SUNFLOWER YIELD (Kg per ha),1092.1480769230768
Khammam,MAIZE YIELD (Kg per ha),3938.1438461538464
Khammam,RICE YIELD (Kg per ha),2657.3846153846152
Khammam,OILSEEDS YIELD (Kg per ha),2471.5357692307693
Khammam,GROUNDNUT YIELD (Kg per ha),1463.3461538461538
Khammam,SUNFLOWER YIELD (Kg per ha),853.5573076923076
Khandwa,MAIZE YIELD (Kg per ha),1948.186153846154
Khandwa,WHEAT YIELD (Kg per ha),1912.9596153846153
Khandwa,SORGHUM YIELD (Kg per ha),1214.5388461538462
Khandwa,KHARIF SORGHUM YIELD (Kg per ha),1173.1376923076923
Khandwa,GROUNDNUT YIELD (Kg per ha),1082.3846153846155
Khargone,WHEAT YIELD (Kg per ha),2463.8546153846155
Khargone,MAIZE YIELD (Kg per ha),1651.6511538461539
Khargone,SORGHUM YIELD (Kg per ha),1363.4323076923076
Khargone,KHARIF SORGHUM YIELD (Kg per ha),1295.9111538461539
Khargone,GROUNDNUT YIELD (Kg per ha),907.8076923076923
Kheda,WHEAT YIELD (Kg per ha),2262.658846153846
Kheda,RICE YIELD (Kg per ha),1966.576923076923
Kheda,GROUNDNUT YIELD (Kg per ha),1589.6538461538462
Kheda,MAIZE YIELD (Kg per ha),1551.2226923076923
Kheda,PEARL MILLET YIELD (Kg per ha),1541.6538461538462
Kheri,WHEAT YIELD (Kg per ha),2804.1096153846156
Kheri,RICE YIELD (Kg per ha),2283.4615384615386
Kheri,BARLEY YIELD (Kg per ha),1601.3565384615385
Kheri,MAIZE YIELD (Kg per ha),982.4519230769231
Kheri,SORGHUM YIELD (Kg per ha),943.396923076923
Kinnaur,MAIZE YIELD (Kg per ha),2320.7876923076924
Kinnaur,BARLEY YIELD (Kg per ha),1702.9715384615386
Kinnaur,WHEAT YIELD (Kg per ha),1441.904230769231
Kinnaur,RICE YIELD (Kg per ha),1425.923076923077
Kinnaur,MINOR PULSES YIELD (Kg per ha),876.3938461538461
Kodagu,MAIZE YIELD (Kg per ha),3806.7973076923076
Kodagu,RICE YIELD (Kg per ha),2397.5
Kodagu,FINGER MILLET YIELD (Kg per ha),1222.4888461538462
Kodagu,GROUNDNUT YIELD (Kg per ha),716.0
Kodagu,OILSEEDS YIELD (Kg per ha),606.3023076923077
Kolar,MAIZE YIELD (Kg per ha),2727.583076923077
Kolar,RICE YIELD (Kg per ha),2207.8076923076924
Kolar,FINGER MILLET YIELD (Kg per ha),1627.4526923076924
Kolar,SUNFLOWER YIELD (Kg per ha),874.3676923076923
Kolar,GROUNDNUT YIELD (Kg per ha),842.7307692307693
Kolhapur,RICE YIELD (Kg per ha),2561.0384615384614
Kolhapur,MAIZE YIELD (Kg per ha),2065.4403846153846
Kolhapur,WHEAT YIELD (Kg per ha),2062.4461538461537
Kolhapur,KHARIF SORGHUM YIELD (Kg per ha),1930.82
Kolhapur,SOYABEAN YIELD (Kg per ha),1886.2661538461539
Kollam,RICE YIELD (Kg per ha),2088.3076923076924
Kollam,MINOR PULSES YIELD (Kg per ha),1059.9642307692307
Kollam,SESAMUM YIELD (Kg per ha),454.4442307692307
Kollam,OILSEEDS YIELD (Kg per ha),58.18192307692308
Kollam,GROUNDNUT YIELD (Kg per ha),19.23076923076923
Koraput,MAIZE YIELD (Kg per ha),2041.5707692307692
Koraput,RICE YIELD (Kg per ha),1560.6538461538462
Koraput,WHEAT YIELD (Kg per ha),1460.9076923076923
Koraput,GROUNDNUT YIELD (Kg per ha),1108.1923076923076
Koraput,FINGER MILLET YIELD (Kg per ha),797.2061538461538
Kota,WHEAT YIELD (Kg per ha),2991.333076923077
Kota,BARLEY YIELD (Kg per ha),2316.4649999999997
Kota,RICE YIELD (Kg per ha),1949.0
Kota,MAIZE YIELD (Kg per ha),1403.0115384615385
Kota,GROUNDNUT YIELD (Kg per ha),1301.6153846153845
Kottayam,RICE YIELD (Kg per ha),2554.1923076923076
Kottayam,MINOR PULSES YIELD (Kg per ha),754.3292307692308
Kottayam,FINGER MILLET YIELD (Kg per ha),478.5630769230769
Kottayam,SESAMUM YIELD (Kg per ha),197.15692307692308
Kottayam,PIGEONPEA YIELD (Kg per ha),153.84615384615384
Kozhikode,RICE YIELD (Kg per ha),1331.8846153846155
Kozhikode,MINOR PULSES YIELD (Kg per ha),686.3673076923077
Kozhikode,PIGEONPEA YIELD (Kg per ha),194.97307692307692
Kozhikode,SESAMUM YIELD (Kg per ha),159.70884615384617
Kozhikode,KHARIF SORGHUM YIELD (Kg per ha),96.15384615384616
Krishna,MAIZE YIELD (Kg per ha),4695.572692307693
Krishna,OILSEEDS YIELD (Kg per ha),3658.868461538462
Krishna,RICE YIELD (Kg per ha),3100.269230769231
Krishna,RABI SORGHUM YIELD (Kg per ha),2107.5934615384617
Krishna,SORGHUM YIELD (Kg per ha),2032.2965384615384
Kullu,MAIZE YIELD (Kg per ha),2644.9823076923076
Kullu,WHEAT YIELD (Kg per ha),1718.9096153846153
Kullu,BARLEY YIELD (Kg per ha),1467.8919230769231
Kullu,RICE YIELD (Kg per ha),1365.3461538461538
Kullu,MINOR PULSES YIELD (Kg per ha),611.4807692307693
Kurnool,MAIZE YIELD (Kg per ha),3928.0853846153846
Kurnool,RICE YIELD (Kg per ha),2998.769230769231
Kurnool,KHARIF SORGHUM YIELD (Kg per ha),2064.3138461538465
Kurnool,FINGER MILLET YIELD (Kg per ha),1798.1484615384616
Kurnool,SORGHUM YIELD (Kg per ha),1537.1
Kutch,WHEAT YIELD (Kg per ha),2723.39
Kutch,GROUNDNUT YIELD (Kg per ha),1614.923076923077
Kutch,CASTOR YIELD (Kg per ha),1444.8776923076923
Kutch,RAPESEED AND MUSTARD YIELD (Kg per ha),1439.805769230769
Kutch,OILSEEDS YIELD (Kg per ha),1359.0146153846154
Lahul & Spiti,MINOR PULSES YIELD (Kg per ha),3034.4257692307697
Lahul & Spiti,MAIZE YIELD (Kg per ha),2272.222307692308
Lahul & Spiti,WHEAT YIELD (Kg per ha),1413.715
Lahul & Spiti,BARLEY YIELD (Kg per ha),1233.440769230769
Lahul & Spiti,RAPESEED AND MUSTARD YIELD (Kg per ha),970.5126923076924
Lakhimpur,RICE YIELD (Kg per ha),1281.4615384615386
Lakhimpur,MAIZE YIELD (Kg per ha),1117.0396153846154
Lakhimpur,WHEAT YIELD (Kg per ha),872.2338461538462
Lakhimpur,PIGEONPEA YIELD (Kg per ha),747.4703846153845
Lakhimpur,RAPESEED AND MUSTARD YIELD (Kg per ha),507.19115384615384
Lucknow,WHEAT YIELD (Kg per ha),2410.003076923077
Lucknow,RICE YIELD (Kg per ha),1810.5384615384614
Lucknow,BARLEY YIELD (Kg per ha),1633.6126923076922
Lucknow,MAIZE YIELD (Kg per ha),998.1646153846153
Lucknow,PEARL MILLET YIELD (Kg per ha),906.8461538461538
Ludhiana,WHEAT YIELD (Kg per ha),4666.972307692307
Ludhiana,RICE YIELD (Kg per ha),4094.846153846154
Ludhiana,MAIZE YIELD (Kg per ha),3421.189615384615
Ludhiana,BARLEY YIELD (Kg per ha),3358.334615384615
Ludhiana,SUNFLOWER YIELD (Kg per ha),1311.3153846153846
Madurai,RICE YIELD (Kg per ha),3785.923076923077
Madurai,MAIZE YIELD (Kg per ha),3453.043846153846
Madurai,FINGER MILLET YIELD (Kg per ha),2224.097307692308
Madurai,GROUNDNUT YIELD (Kg per ha),1672.4615384615386
Madurai,RABI SORGHUM YIELD (Kg per ha),1591.7276923076922
Mahabubnagar,MAIZE YIELD (Kg per ha),2421.848076923077
Mahabubnagar,RICE YIELD (Kg per ha),2287.423076923077
Mahabubnagar,GROUNDNUT YIELD (Kg per ha),1146.7307692307693
Mahabubnagar,FINGER MILLET YIELD (Kg per ha),1045.4553846153847
Mahabubnagar,CHICKPEA YIELD (Kg per ha),927.5769230769231
Mahendragarh,WHEAT YIELD (Kg per ha),3973.9076923076927
Mahendragarh,BARLEY YIELD (Kg per ha),3005.816538461538
Mahendragarh,OILSEEDS YIELD (Kg per ha),1418.503846153846
Mahendragarh,RAPESEED AND MUSTARD YIELD (Kg per ha),1406.430769230769
Mahendragarh,PEARL MILLET YIELD (Kg per ha),1372.0
Mainpuri,WHEAT YIELD (Kg per ha),3044.5557692307693
Mainpuri,BARLEY YIELD (Kg per ha),2813.163076923077
Mainpuri,RICE YIELD (Kg per ha),2203.153846153846
Mainpuri,MAIZE YIELD (Kg per ha),2038.2542307692308
Mainpuri,PEARL MILLET YIELD (Kg per ha),1630.4615384615386
Malappuram,RICE YIELD (Kg per ha),2034.4615384615386
Malappuram,MINOR PULSES YIELD (Kg per ha),707.8711538461539
Malappuram,SESAMUM YIELD (Kg per ha),322.51769230769236
Malappuram,FINGER MILLET YIELD (Kg per ha),192.30769230769232
Malappuram,KHARIF SORGHUM YIELD (Kg per ha),76.92307692307692
Malda,RICE YIELD (Kg per ha),2658.423076923077
Malda,WHEAT YIELD (Kg per ha),2581.0430769230766
Malda,MAIZE YIELD (Kg per ha),2137.1346153846152
Malda,BARLEY YIELD (Kg per ha),991.2619230769232
Malda,CHICKPEA YIELD (Kg per ha),920.5384615384615
Mandi,MAIZE YIELD (Kg per ha),2006.3280769230769
Mandi,BARLEY YIELD (Kg per ha),1428.4923076923078
Mandi,WHEAT YIELD (Kg per ha),1356.5930769230768
Mandi,RICE YIELD (Kg per ha),1310.5384615384614
Mandi,SOYABEAN YIELD (Kg per ha),1173.565769230769
Mandla,MAIZE YIELD (Kg per ha),1490.5661538461538
Mandla,KHARIF SORGHUM YIELD (Kg per ha),925.5003846153845
Mandla,SORGHUM YIELD (Kg per ha),890.3357692307692
Mandla,PIGEONPEA YIELD (Kg per ha),864.7473076923077
Mandla,WHEAT YIELD (Kg per ha),833.535
Mandsaur,WHEAT YIELD (Kg per ha),2712.3303846153844
Mandsaur,BARLEY YIELD (Kg per ha),2241.0576923076924
Mandsaur,MAIZE YIELD (Kg per ha),1688.0161538461539
Mandsaur,GROUNDNUT YIELD (Kg per ha),1030.3461538461538
Mandsaur,SOYABEAN YIELD (Kg per ha),975.2457692307692
Mandya,RICE YIELD (Kg per ha),3177.3076923076924
Mandya,MAIZE YIELD (Kg per ha),2399.3065384615384
Mandya,FINGER MILLET YIELD (Kg per ha),1616.3700000000001
Mandya,RABI SORGHUM YIELD (Kg per ha),925.0946153846154
Mandya,SORGHUM YIELD (Kg per ha),902.0138461538462
Mathura,WHEAT YIELD (Kg per ha),3228.7657692307694
Mathura,BARLEY YIELD (Kg per ha),2900.3823076923077
Mathura,RICE YIELD (Kg per ha),2219.6153846153848
Mathura,MAIZE YIELD (Kg per ha),1716.1134615384615
Mathura,RAPESEED AND MUSTARD YIELD (Kg per ha),1309.6746153846154
Mayurbhanja,WHEAT YIELD (Kg per ha),1593.3503846153847
Mayurbhanja,RICE YIELD (Kg per ha),1336.8461538461538
Mayurbhanja,GROUNDNUT YIELD (Kg per ha),1326.5
Mayurbhanja,MAIZE YIELD (Kg per ha),1203.8957692307692
Mayurbhanja,PIGEONPEA YIELD (Kg per ha),834.4842307692307
Medak,RICE YIELD (Kg per ha),2518.730769230769
Medak,MAIZE YIELD (Kg per ha),2412.788846153846
Medak,GROUNDNUT YIELD (Kg per ha),1263.923076923077
Medak,SUNFLOWER YIELD (Kg per ha),1128.743846153846
Medak,KHARIF SORGHUM YIELD (Kg per ha),937.4376923076924
Meerut,WHEAT YIELD (Kg per ha),3613.048461538461
Meerut,BARLEY YIELD (Kg per ha),3134.3746153846155
Meerut,RICE YIELD (Kg per ha),2424.269230769231
Meerut,MAIZE YIELD (Kg per ha),1776.3642307692307
Meerut,PEARL MILLET YIELD (Kg per ha),1413.3846153846155
Mehsana,WHEAT YIELD (Kg per ha),2825.2603846153847
Mehsana,RICE YIELD (Kg per ha),1845.6153846153845
Mehsana,CASTOR YIELD (Kg per ha),1748.5323076923075
Mehsana,OILSEEDS YIELD (Kg per ha),1506.0838461538463
Mehsana,PEARL MILLET YIELD (Kg per ha),1349.6538461538462
Mirzpur,RICE YIELD (Kg per ha),1897.6923076923076
Mirzpur,WHEAT YIELD (Kg per ha),1779.7503846153847
Mirzpur,GROUNDNUT YIELD (Kg per ha),1212.923076923077
Mirzpur,PEARL MILLET YIELD (Kg per ha),1201.1153846153845
Mirzpur,SORGHUM YIELD (Kg per ha),1046.561153846154
Moradabad,WHEAT YIELD (Kg per ha),2891.431923076923
Moradabad,RICE YIELD (Kg per ha),2267.0
Moradabad,BARLEY YIELD (Kg per ha),2245.213076923077
Moradabad,MAIZE YIELD (Kg per ha),1340.5296153846152
Moradabad,PEARL MILLET YIELD (Kg per ha),1113.6923076923076
Morena,WHEAT YIELD (Kg per ha),2811.583076923077
Morena,RICE YIELD (Kg per ha),2265.1923076923076
Morena,BARLEY YIELD (Kg per ha),1729.518076923077
Morena,PEARL MILLET YIELD (Kg per ha),1532.1023482048743
Morena,SOYABEAN YIELD (Kg per ha),1255.2411538461538
Mungair,MAIZE YIELD (Kg per ha),2246.2973076923076
Mungair,WHEAT YIELD (Kg per ha),2015.135
Mungair,RICE YIELD (Kg per ha),1563.2307692307693
Mungair,PIGEONPEA YIELD (Kg per ha),1434.4926923076923
Mungair,RAPESEED AND MUSTARD YIELD (Kg per ha),1153.0673076923076
Murshidabad,MAIZE YIELD (Kg per ha),3006.8784615384616
Murshidabad,RICE YIELD (Kg per ha),2657.576923076923
Murshidabad,WHEAT YIELD (Kg per ha),2433.290769230769
Murshidabad,GROUNDNUT YIELD (Kg per ha),1649.8076923076924
Murshidabad,BARLEY YIELD (Kg per ha),1035.6834615384616
Muzaffarnagar,WHEAT YIELD (Kg per ha),3327.9523076923074
Muzaffarnagar,BARLEY YIELD (Kg per ha),2542.701538461539
Muzaffarnagar,RICE YIELD (Kg per ha),2450.1923076923076
Muzaffarnagar,MAIZE YIELD (Kg per ha),1426.4857692307692
Muzaffarnagar,RAPESEED AND MUSTARD YIELD (Kg per ha),994.4992307692307
Muzaffarpur,MAIZE YIELD (Kg per ha),2444.596153846154
Muzaffarpur,WHEAT YIELD (Kg per ha),2078.2973076923076
Muzaffarpur,PIGEONPEA YIELD (Kg per ha),1252.4611538461538
Muzaffarpur,BARLEY YIELD (Kg per ha),1231.7976923076922
Muzaffarpur,SUNFLOWER YIELD (Kg per ha),1080.1684615384615
Mysore,MAIZE YIELD (Kg per ha),3088.227307692308
Mysore,RICE YIELD (Kg per ha),3047.5384615384614
Mysore,FINGER MILLET YIELD (Kg per ha),1491.1746153846154
Mysore,RABI SORGHUM YIELD (Kg per ha),997.9753846153847
Mysore,SORGHUM YIELD (Kg per ha),845.5819230769231
Nadia,RICE YIELD (Kg per ha),2733.1153846153848
Nadia,WHEAT YIELD (Kg per ha),2421.278846153846
Nadia,MAIZE YIELD (Kg per ha),2090.704230769231
Nadia,GROUNDNUT YIELD (Kg per ha),1708.5384615384614
Nadia,SESAMUM YIELD (Kg per ha),1034.1676923076923
Nagaon,RICE YIELD (Kg per ha),1780.1538461538462
Nagaon,WHEAT YIELD (Kg per ha),1027.8342307692308
Nagaon,MAIZE YIELD (Kg per ha),938.4884615384616
Nagaon,PIGEONPEA YIELD (Kg per ha),697.9430769230769
Nagaon,RAPESEED AND MUSTARD YIELD (Kg per ha),536.8207692307692
Nagaur,WHEAT YIELD (Kg per ha),2130.8250000000003
Nagaur,BARLEY YIELD (Kg per ha),2092.1330769230767
Nagaur,MAIZE YIELD (Kg per ha),1275.1507692307691
Nagaur,GROUNDNUT YIELD (Kg per ha),1244.2307692307693
Nagaur,RAPESEED AND MUSTARD YIELD (Kg per ha),1077.7
Nagpur,MAIZE YIELD (Kg per ha),1299.3588461538461
Nagpur,RICE YIELD (Kg per ha),1228.0
Nagpur,WHEAT YIELD (Kg per ha),1141.15
Nagpur,KHARIF SORGHUM YIELD (Kg per ha),902.7630769230769
Nagpur,SOYABEAN YIELD (Kg per ha),882.3403846153846
Nainital,WHEAT YIELD (Kg per ha),3117.9642307692307
Nainital,RICE YIELD (Kg per ha),2653.576923076923
Nainital,MAIZE YIELD (Kg per ha),1545.7134615384616
Nainital,SOYABEAN YIELD (Kg per ha),1337.960769230769
Nainital,BARLEY YIELD (Kg per ha),1274.0396153846154
Nalgonda,RICE YIELD (Kg per ha),2886.076923076923
Nalgonda,MAIZE YIELD (Kg per ha),2462.393846153846
Nalgonda,GROUNDNUT YIELD (Kg per ha),944.2692307692307
Nalgonda,SUNFLOWER YIELD (Kg per ha),880.9665384615384
Nalgonda,CHICKPEA YIELD (Kg per ha),810.2692307692307
Nanded,MAIZE YIELD (Kg per ha),1281.8073076923076
Nanded,KHARIF SORGHUM YIELD (Kg per ha),1186.335
Nanded,WHEAT YIELD (Kg per ha),1172.5149999999999
Nanded,SORGHUM YIELD (Kg per ha),1136.6084615384616
Nanded,SOYABEAN YIELD (Kg per ha),1033.0665384615384
Narsinghpur,WHEAT YIELD (Kg per ha),2837.587692307692
Narsinghpur,MAIZE YIELD (Kg per ha),1857.0134615384616
Narsinghpur,KHARIF SORGHUM YIELD (Kg per ha),1628.7180769230768
Narsinghpur,SORGHUM YIELD (Kg per ha),1628.3911538461539
Narsinghpur,SOYABEAN YIELD (Kg per ha),1392.868846153846
Nasik,MAIZE YIELD (Kg per ha),2074.1857692307694
Nasik,WHEAT YIELD (Kg per ha),1463.6403846153846
Nasik,SOYABEAN YIELD (Kg per ha),1381.0530769230768
Nasik,KHARIF SORGHUM YIELD (Kg per ha),1136.968076923077
Nasik,RICE YIELD (Kg per ha),1128.6153846153845
Nizamabad,MAIZE YIELD (Kg per ha),3804.8534615384615
Nizamabad,RICE YIELD (Kg per ha),2839.9615384615386
Nizamabad,GROUNDNUT YIELD (Kg per ha),1840.7307692307693
Nizamabad,OILSEEDS YIELD (Kg per ha),1266.2373076923077
Nizamabad,RABI SORGHUM YIELD (Kg per ha),1113.2969230769231
North Arcot / Vellore,RICE YIELD (Kg per ha),3508.269230769231
North Arcot / Vellore,MAIZE YIELD (Kg per ha),2980.7492307692305
North Arcot / Vellore,FINGER MILLET YIELD (Kg per ha),2359.220384615385
North Arcot / Vellore,GROUNDNUT YIELD (Kg per ha),1893.7692307692307
North Arcot / Vellore,PEARL MILLET YIELD (Kg per ha),1800.076923076923
North Cachar Hil,RICE YIELD (Kg per ha),1748.0
North Cachar Hil,MAIZE YIELD (Kg per ha),988.7753846153846
North Cachar Hil,WHEAT YIELD (Kg per ha),979.0296153846155
North Cachar Hil,PIGEONPEA YIELD (Kg per ha),742.3361538461538
North Cachar Hil,SESAMUM YIELD (Kg per ha),596.4211538461539
Osmanabad,KHARIF SORGHUM YIELD (Kg per ha),1143.9184615384615
Osmanabad,SOYABEAN YIELD (Kg per ha),992.4211538461539
Osmanabad,MAIZE YIELD (Kg per ha),986.7026923076924
Osmanabad,WHEAT YIELD (Kg per ha),925.5484615384614
Osmanabad,SORGHUM YIELD (Kg per ha),882.89
Palakkad,RICE YIELD (Kg per ha),2373.3076923076924
Palakkad,GROUNDNUT YIELD (Kg per ha),871.2692307692307
Palakkad,FINGER MILLET YIELD (Kg per ha),857.5665384615385
Palakkad,MINOR PULSES YIELD (Kg per ha),700.8688461538461
Palakkad,SORGHUM YIELD (Kg per ha),560.4380769230769
Palamau,RICE YIELD (Kg per ha),1449.2348664895849
Palamau,PIGEONPEA YIELD (Kg per ha),995.0608695652174
Palamau,MAIZE YIELD (Kg per ha),982.1317391304348
Palamau,WHEAT YIELD (Kg per ha),962.5026086956523
Palamau,CHICKPEA YIELD (Kg per ha),652.6983273392342
Pali,BARLEY YIELD (Kg per ha),1895.268076923077
Pali,WHEAT YIELD (Kg per ha),1837.676923076923
Pali,GROUNDNUT YIELD (Kg per ha),992.6153846153846
Pali,MAIZE YIELD (Kg per ha),851.6303846153846
Pali,RAPESEED AND MUSTARD YIELD (Kg per ha),778.661923076923
Panchmahal,WHEAT YIELD (Kg per ha),1963.9623076923078
Panchmahal,CASTOR YIELD (Kg per ha),1754.0915384615384
Panchmahal,GROUNDNUT YIELD (Kg per ha),1411.8076923076924
Panchmahal,RAPESEED AND MUSTARD YIELD (Kg per ha),1373.7576923076922
Panchmahal,MAIZE YIELD (Kg per ha),1220.9315384615386
Panna,WHEAT YIELD (Kg per ha),1264.7953846153846
Panna,BARLEY YIELD (Kg per ha),1109.353076923077
Panna,KHARIF SORGHUM YIELD (Kg per ha),1011.5765384615386
Panna,SORGHUM YIELD (Kg per ha),1010.5115384615384
Panna,MAIZE YIELD (Kg per ha),947.3188461538462
Parbhani,WHEAT YIELD (Kg per ha),1313.638076923077
Parbhani,KHARIF SORGHUM YIELD (Kg per ha),1190.198846153846
Parbhani,MAIZE YIELD (Kg per ha),1168.5803846153847
Parbhani,SOYABEAN YIELD (Kg per ha),1097.4096153846153
Parbhani,GROUNDNUT YIELD (Kg per ha),1074.5
Patiala,WHEAT YIELD (Kg per ha),4486.1476923076925
Patiala,RICE YIELD (Kg per ha),3674.5384615384614
Patiala,BARLEY YIELD (Kg per ha),3360.2734615384616
Patiala,MAIZE YIELD (Kg per ha),2765.8438461538462
Patiala,OILSEEDS YIELD (Kg per ha),1242.4923076923076
Patna,WHEAT YIELD (Kg per ha),2273.007692307692
Patna,MAIZE YIELD (Kg per ha),2107.4049999999997
Patna,RICE YIELD (Kg per ha),1957.9615384615386
Patna,PIGEONPEA YIELD (Kg per ha),1478.0484615384617
Patna,BARLEY YIELD (Kg per ha),1381.4550000000002
Phulbani ( Kandhamal ),MAIZE YIELD (Kg per ha),1477.1996153846155
Phulbani ( Kandhamal ),WHEAT YIELD (Kg per ha),1432.663076923077
Phulbani ( Kandhamal ),GROUNDNUT YIELD (Kg per ha),1319.6538461538462
Phulbani ( Kandhamal ),RICE YIELD (Kg per ha),1295.1923076923076
Phulbani ( Kandhamal ),PIGEONPEA YIELD (Kg per ha),769.573076923077
Pilibhit,WHEAT YIELD (Kg per ha),3112.173461538461
Pilibhit,RICE YIELD (Kg per ha),2675.846153846154
Pilibhit,BARLEY YIELD (Kg per ha),1510.1965384615385
Pilibhit,MAIZE YIELD (Kg per ha),1457.5073076923077
Pilibhit,SUNFLOWER YIELD (Kg per ha),1027.8515384615384
Pithorgarh,WHEAT YIELD (Kg per ha),1389.048076923077
Pithorgarh,BARLEY YIELD (Kg per ha),1329.5069230769232
Pithorgarh,RICE YIELD (Kg per ha),1266.6538461538462
Pithorgarh,MAIZE YIELD (Kg per ha),1249.8719230769232
Pithorgarh,SOYABEAN YIELD (Kg per ha),1025.948846153846
Pratapgarh,WHEAT YIELD (Kg per ha),2246.955
Pratapgarh,RICE YIELD (Kg per ha),1961.3846153846155
Pratapgarh,BARLEY YIELD (Kg per ha),1545.6934615384614
Pratapgarh,MAIZE YIELD (Kg per ha),1522.029230769231
Pratapgarh,SORGHUM YIELD (Kg per ha),1114.9642307692307
Pune,MAIZE YIELD (Kg per ha),2024.2096153846153
Pune,SOYABEAN YIELD (Kg per ha),1692.0157692307694
Pune,WHEAT YIELD (Kg per ha),1587.7692307692307
Pune,RICE YIELD (Kg per ha),1283.3461538461538
Pune,GROUNDNUT YIELD (Kg per ha),1228.3461538461538
Puri,GROUNDNUT YIELD (Kg per ha),1850.2307692307693
Puri,RICE YIELD (Kg per ha),1477.076923076923
Puri,WHEAT YIELD (Kg per ha),1284.4065384615385
Puri,MAIZE YIELD (Kg per ha),1240.0961538461538
Puri,OILSEEDS YIELD (Kg per ha),1094.4984615384615
Purnea,MAIZE YIELD (Kg per ha),2903.9573076923075
Purnea,WHEAT YIELD (Kg per ha),1756.383846153846
Purnea,RICE YIELD (Kg per ha),1348.3461538461538
Purnea,PIGEONPEA YIELD (Kg per ha),1104.5192307692307
Purnea,BARLEY YIELD (Kg per ha),1040.263846153846
Purulia,WHEAT YIELD (Kg per ha),2053.4738461538464
Purulia,RICE YIELD (Kg per ha),1993.923076923077
Purulia,MAIZE YIELD (Kg per ha),1487.6615384615384
Purulia,GROUNDNUT YIELD (Kg per ha),903.7692307692307
Purulia,CHICKPEA YIELD (Kg per ha),841.4615384615385
Rae-Bareily,WHEAT YIELD (Kg per ha),2207.2134615384616
Rae-Bareily,RICE YIELD (Kg per ha),1955.5384615384614
Rae-Bareily,BARLEY YIELD (Kg per ha),1606.4988461538462
Rae-Bareily,SUNFLOWER YIELD (Kg per ha),1434.7634615384616
Rae-Bareily,MAIZE YIELD (Kg per ha),1087.9730769230769
Raichur,RICE YIELD (Kg per ha),2925.6153846153848
Raichur,MAIZE YIELD (Kg per ha),2763.4738461538464
Raichur,KHARIF SORGHUM YIELD (Kg per ha),1035.1046153846155
Raichur,SORGHUM YIELD (Kg per ha),866.2357692307693
Raichur,RABI SORGHUM YIELD (Kg per ha),850.9430769230769
Raigad,RICE YIELD (Kg per ha),2425.6923076923076
Raigad,GROUNDNUT YIELD (Kg per ha),1458.7307692307693
Raigad,FINGER MILLET YIELD (Kg per ha),789.3411538461538
Raigad,OILSEEDS YIELD (Kg per ha),686.3330769230769
Raigad,CHICKPEA YIELD (Kg per ha),568.7307692307693
Raigarh,MAIZE YIELD (Kg per ha),1535.1426923076922
Raigarh,WHEAT YIELD (Kg per ha),1400.5153846153846
Raigarh,RICE YIELD (Kg per ha),1158.3846153846155
Raigarh,GROUNDNUT YIELD (Kg per ha),1152.7692307692307
Raigarh,SORGHUM YIELD (Kg per ha),1009.295
Raipur,RICE YIELD (Kg per ha),1375.3846153846155
Raipur,WHEAT YIELD (Kg per ha),1223.7730769230768
Raipur,MAIZE YIELD (Kg per ha),1215.335
Raipur,GROUNDNUT YIELD (Kg per ha),1118.6538461538462
Raipur,SOYABEAN YIELD (Kg per ha),1118.0946153846153
Raisen,KHARIF SORGHUM YIELD (Kg per ha),1792.444230769231
Raisen,SORGHUM YIELD (Kg per ha),1768.3034615384615
Raisen,WHEAT YIELD (Kg per ha),1738.7557692307694
Raisen,MAIZE YIELD (Kg per ha),1578.2603846153845
Raisen,CHICKPEA YIELD (Kg per ha),1013.3076923076923
Rajgarh,WHEAT YIELD (Kg per ha),1826.5792307692307
Rajgarh,BARLEY YIELD (Kg per ha),1239.113076923077
Rajgarh,MAIZE YIELD (Kg per ha),1100.2307692307693
Rajgarh,CHICKPEA YIELD (Kg per ha),1007.9230769230769
Rajgarh,GROUNDNUT YIELD (Kg per ha),860.6153846153846
Rajkot,WHEAT YIELD (Kg per ha),3313.0465384615386
Rajkot,CASTOR YIELD (Kg per ha),2315.603846153846
Rajkot,RAPESEED AND MUSTARD YIELD (Kg per ha),1255.5992307692306
Rajkot,PEARL MILLET YIELD (Kg per ha),1140.423076923077
Rajkot,CHICKPEA YIELD (Kg per ha),1110.423076923077
Ramananthapuram,MAIZE YIELD (Kg per ha),3211.744230769231
Ramananthapuram,FINGER MILLET YIELD (Kg per ha),1844.125
Ramananthapuram,RICE YIELD (Kg per ha),1611.923076923077
Ramananthapuram,RABI SORGHUM YIELD (Kg per ha),1396.3661538461538
Ramananthapuram,SORGHUM YIELD (Kg per ha),1242.2576923076924
Rampur,WHEAT YIELD (Kg per ha),3201.8865384615387
Rampur,RICE YIELD (Kg per ha),2240.3076923076924
Rampur,BARLEY YIELD (Kg per ha),1541.5853846153846
Rampur,MAIZE YIELD (Kg per ha),1407.5388461538462
Rampur,SUNFLOWER YIELD (Kg per ha),1342.7015384615383
Ranchi,RICE YIELD (Kg per ha),1480.6417470525187
Ranchi,MAIZE YIELD (Kg per ha),1449.4545833333334
Ranchi,WHEAT YIELD (Kg per ha),1433.4045833333332
Ranchi,PIGEONPEA YIELD (Kg per ha),1136.7508333333333
Ranchi,RAPESEED AND MUSTARD YIELD (Kg per ha),714.1445833333333
Ratlam,WHEAT YIELD (Kg per ha),2847.959230769231
Ratlam,MAIZE YIELD (Kg per ha),1852.966153846154
Ratlam,BARLEY YIELD (Kg per ha),1771.7946153846156
Ratlam,RAPESEED AND MUSTARD YIELD (Kg per ha),1251.4896153846153
Ratlam,KHARIF SORGHUM YIELD (Kg per ha),1176.85
Ratnagiri,RICE YIELD (Kg per ha),2541.8076923076924
Ratnagiri,GROUNDNUT YIELD (Kg per ha),1627.1538461538462
Ratnagiri,MAIZE YIELD (Kg per ha),1386.8588461538461
Ratnagiri,FINGER MILLET YIELD (Kg per ha),1244.653076923077
Ratnagiri,OILSEEDS YIELD (Kg per ha),1196.448076923077
Rewa,WHEAT YIELD (Kg per ha),1323.8284615384616
Rewa,CHICKPEA YIELD (Kg per ha),940.0384615384615
Rewa,MAIZE YIELD (Kg per ha),915.2653846153846
Rewa,RICE YIELD (Kg per ha),840.0
Rewa,KHARIF SORGHUM YIELD (Kg per ha),763.2692307692307
Rohtak,WHEAT YIELD (Kg per ha),3932.4538461538464
Rohtak,BARLEY YIELD (Kg per ha),2647.3965384615385
Rohtak,RICE YIELD (Kg per ha),1863.423076923077
Rohtak,MAIZE YIELD (Kg per ha),1675.6261538461538
Rohtak,PEARL MILLET YIELD (Kg per ha),1387.6923076923076
Roopnagar,WHEAT YIELD (Kg per ha),3800.5723076923077
Roopnagar,RICE YIELD (Kg per ha),3427.0
Roopnagar,MAIZE YIELD (Kg per ha),2518.126923076923
Roopnagar,SUNFLOWER YIELD (Kg per ha),956.2080769230769
Roopnagar,PIGEONPEA YIELD (Kg per ha),925.4519230769231
S.P.S. Nellore,MAIZE YIELD (Kg per ha),4672.710769230769
S.P.S. Nellore,RICE YIELD (Kg per ha),3264.9615384615386
S.P.S. Nellore,GROUNDNUT YIELD (Kg per ha),2315.0
S.P.S. Nellore,PEARL MILLET YIELD (Kg per ha),2163.230769230769
S.P.S. Nellore,FINGER MILLET YIELD (Kg per ha),1720.7649999999999
Sabarkantha,WHEAT YIELD (Kg per ha),2389.8076923076924
Sabarkantha,RICE YIELD (Kg per ha),1786.3461538461538
Sabarkantha,CASTOR YIELD (Kg per ha),1539.1592307692308
Sabarkantha,MAIZE YIELD (Kg per ha),1467.9865384615384
Sabarkantha,OILSEEDS YIELD (Kg per ha),1410.2415384615383
Sagar,BARLEY YIELD (Kg per ha),1375.0092307692307
Sagar,MAIZE YIELD (Kg per ha),1316.4257692307692
Sagar,WHEAT YIELD (Kg per ha),1233.559230769231
Sagar,KHARIF SORGHUM YIELD (Kg per ha),1082.32
Sagar,SORGHUM YIELD (Kg per ha),1064.2015384615386
Saharanpur,WHEAT YIELD (Kg per ha),2774.691153846154
Saharanpur,BARLEY YIELD (Kg per ha),2377.7453846153844
Saharanpur,RICE YIELD (Kg per ha),2360.923076923077
Saharanpur,MAIZE YIELD (Kg per ha),1386.2465384615384
Saharanpur,PEARL MILLET YIELD (Kg per ha),1053.1923076923076
Saharsa,MAIZE YIELD (Kg per ha),3044.011923076923
Saharsa,WHEAT YIELD (Kg per ha),1842.663076923077
Saharsa,RICE YIELD (Kg per ha),1245.923076923077
Saharsa,PIGEONPEA YIELD (Kg per ha),1018.795
Saharsa,SUNFLOWER YIELD (Kg per ha),991.4865384615385
Salem,RICE YIELD (Kg per ha),3961.346153846154
Salem,MAIZE YIELD (Kg per ha),3285.013461538462
Salem,FINGER MILLET YIELD (Kg per ha),2051.5365384615384
Salem,GROUNDNUT YIELD (Kg per ha),1660.3846153846155
Salem,PEARL MILLET YIELD (Kg per ha),1647.076923076923
Sambalpur,RICE YIELD (Kg per ha),1715.0384615384614
Sambalpur,WHEAT YIELD (Kg per ha),1537.973076923077
Sambalpur,MAIZE YIELD (Kg per ha),1505.2988461538464
Sambalpur,GROUNDNUT YIELD (Kg per ha),1283.2692307692307
Sambalpur,PIGEONPEA YIELD (Kg per ha),836.6346153846154
Sangli,RICE YIELD (Kg per ha),2116.0
Sangli,MAIZE YIELD (Kg per ha),1932.561153846154
Sangli,SOYABEAN YIELD (Kg per ha),1749.703846153846
Sangli,WHEAT YIELD (Kg per ha),1627.4815384615383
Sangli,OILSEEDS YIELD (Kg per ha),1313.3053846153848
Sangrur,WHEAT YIELD (Kg per ha),4631.914615384615
Sangrur,RICE YIELD (Kg per ha),4148.884615384615
Sangrur,BARLEY YIELD (Kg per ha),3663.0096153846152
Sangrur,MAIZE YIELD (Kg per ha),2412.895
Sangrur,RAPESEED AND MUSTARD YIELD (Kg per ha),1120.121923076923
Santhal Paragana / Dumka,RICE YIELD (Kg per ha),1660.0584137191854
Santhal Paragana / Dumka,MAIZE YIELD (Kg per ha),1487.0825000000002
Santhal Paragana / Dumka,WHEAT YIELD (Kg per ha),1442.88375
Santhal Paragana / Dumka,PIGEONPEA YIELD (Kg per ha),1170.1491666666668
Santhal Paragana / Dumka,RAPESEED AND MUSTARD YIELD (Kg per ha),674.4916666666667
Saran,WHEAT YIELD (Kg per ha),2293.58
Saran,MAIZE YIELD (Kg per ha),2038.0019230769233
Saran,RICE YIELD (Kg per ha),1412.0
Saran,BARLEY YIELD (Kg per ha),1270.3557692307693
Saran,PIGEONPEA YIELD (Kg per ha),1223.906153846154
Satara,RICE YIELD (Kg per ha),1732.1923076923076
Satara,MAIZE YIELD (Kg per ha),1731.8442307692308
Satara,WHEAT YIELD (Kg per ha),1677.7857692307693
Satara,SOYABEAN YIELD (Kg per ha),1572.9950000000001
Satara,KHARIF SORGHUM YIELD (Kg per ha),1549.6750000000002
Satna,WHEAT YIELD (Kg per ha),1438.9538461538464
Satna,MAIZE YIELD (Kg per ha),1058.9757692307692
Satna,BARLEY YIELD (Kg per ha),1003.6107692307693
Satna,RICE YIELD (Kg per ha),895.1923076923077
Satna,KHARIF SORGHUM YIELD (Kg per ha),801.2557692307693
Sehore,WHEAT YIELD (Kg per ha),1999.180769230769
Sehore,KHARIF SORGHUM YIELD (Kg per ha),1469.1603846153846
Sehore,SORGHUM YIELD (Kg per ha),1469.147692307692
Sehore,MAIZE YIELD (Kg per ha),1374.6492307692306
Sehore,RICE YIELD (Kg per ha),1182.1153846153845
Seoni,MAIZE YIELD (Kg per ha),1347.966923076923
Seoni,RICE YIELD (Kg per ha),1190.6923076923076
Seoni,GROUNDNUT YIELD (Kg per ha),1160.423076923077
Seoni,WHEAT YIELD (Kg per ha),1091.725
Seoni,PIGEONPEA YIELD (Kg per ha),1088.9988461538462
Shahdol,MAIZE YIELD (Kg per ha),1071.261923076923
Shahdol,RICE YIELD (Kg per ha),989.0
Shahdol,WHEAT YIELD (Kg per ha),958.1530769230769
Shahdol,KHARIF SORGHUM YIELD (Kg per ha),921.9719230769231
Shahdol,SORGHUM YIELD (Kg per ha),921.0546153846153
Shahjahanpur,WHEAT YIELD (Kg per ha),3163.1003846153844
Shahjahanpur,RICE YIELD (Kg per ha),2426.076923076923
Shahjahanpur,BARLEY YIELD (Kg per ha),2110.039230769231
Shahjahanpur,MAIZE YIELD (Kg per ha),1572.7238461538461
Shahjahanpur,PEARL MILLET YIELD (Kg per ha),1011.1538461538462
Shajapur,WHEAT YIELD (Kg per ha),2276.3757692307695
Shajapur,BARLEY YIELD (Kg per ha),1496.2215384615386
Shajapur,MAIZE YIELD (Kg per ha),1415.771153846154
Shajapur,KHARIF SORGHUM YIELD (Kg per ha),1231.3353846153846
Shajapur,SORGHUM YIELD (Kg per ha),1222.5265384615386
Shimla,MAIZE YIELD (Kg per ha),2328.996153846154
Shimla,SOYABEAN YIELD (Kg per ha),1245.5130769230768
Shimla,WHEAT YIELD (Kg per ha),1212.65
Shimla,BARLEY YIELD (Kg per ha),1080.829230769231
Shimla,RICE YIELD (Kg per ha),1067.576923076923
Shimoge,MAIZE YIELD (Kg per ha),3267.8334615384615
Shimoge,RICE YIELD (Kg per ha),2413.346153846154
Shimoge,KHARIF SORGHUM YIELD (Kg per ha),1822.8919230769231
Shimoge,SORGHUM YIELD (Kg per ha),1713.5834615384615
Shimoge,FINGER MILLET YIELD (Kg per ha),1403.5607692307692
Shivpuri,WHEAT YIELD (Kg per ha),2021.7846153846153
Shivpuri,MAIZE YIELD (Kg per ha),1496.5873076923078
Shivpuri,BARLEY YIELD (Kg per ha),1367.2934615384615
Shivpuri,GROUNDNUT YIELD (Kg per ha),1244.3846153846155
Shivpuri,PEARL MILLET YIELD (Kg per ha),1145.6023482048743
Sibsagar,RICE YIELD (Kg per ha),1955.1538461538462
Sibsagar,WHEAT YIELD (Kg per ha),1034.8123076923077
Sibsagar,MAIZE YIELD (Kg per ha),818.7296153846154
Sibsagar,PIGEONPEA YIELD (Kg per ha),688.2115384615385
Sibsagar,RAPESEED AND MUSTARD YIELD (Kg per ha),586.8792307692308
Sidhi,MAIZE YIELD (Kg per ha),1287.0784615384616
Sidhi,WHEAT YIELD (Kg per ha),1084.0065384615384
Sidhi,BARLEY YIELD (Kg per ha),1004.6492307692308
Sidhi,KHARIF SORGHUM YIELD (Kg per ha),895.2357692307693
Sidhi,SORGHUM YIELD (Kg per ha),895.2357692307693
Sikar,WHEAT YIELD (Kg per ha),2685.9680769230768
Sikar,BARLEY YIELD (Kg per ha),2369.8476923076923
Sikar,GROUNDNUT YIELD (Kg per ha),1449.6538461538462
Sikar,MAIZE YIELD (Kg per ha),1190.7373076923077
Sikar,OILSEEDS YIELD (Kg per ha),1062.118846153846
Sirmaur,MAIZE YIELD (Kg per ha),2691.9661538461537
Sirmaur,WHEAT YIELD (Kg per ha),1494.3623076923077
Sirmaur,RICE YIELD (Kg per ha),1442.8846153846155
Sirmaur,BARLEY YIELD (Kg per ha),1085.0715384615385
Sirmaur,SOYABEAN YIELD (Kg per ha),813.7342307692307
Sirohi,BARLEY YIELD (Kg per ha),2399.0265384615386
Sirohi,WHEAT YIELD (Kg per ha),2332.6157692307693
Sirohi,CASTOR YIELD (Kg per ha),1325.106923076923
Sirohi,GROUNDNUT YIELD (Kg per ha),1220.3076923076924
Sirohi,MAIZE YIELD (Kg per ha),1033.2292307692308
Sitapur,WHEAT YIELD (Kg per ha),2447.2580769230767
Sitapur,RICE YIELD (Kg per ha),1830.4615384615386
Sitapur,BARLEY YIELD (Kg per ha),1634.8061538461538
Sitapur,PIGEONPEA YIELD (Kg per ha),1072.7230769230769
Sitapur,SORGHUM YIELD (Kg per ha),977.2738461538461
Solan,MAIZE YIELD (Kg per ha),2143.8580769230766
Solan,RICE YIELD (Kg per ha),1987.6538461538462
Solan,WHEAT YIELD (Kg per ha),1488.8792307692308
Solan,BARLEY YIELD (Kg per ha),1035.5130769230768
Solan,SOYABEAN YIELD (Kg per ha),899.396923076923
Solapur,MAIZE YIELD (Kg per ha),1594.0057692307694
Solapur,SOYABEAN YIELD (Kg per ha),1210.833076923077
Solapur,WHEAT YIELD (Kg per ha),1130.8126923076923
Solapur,GROUNDNUT YIELD (Kg per ha),1069.3076923076924
Solapur,RICE YIELD (Kg per ha),698.2307692307693
South Arcot / Cuddalore,RICE YIELD (Kg per ha),3152.653846153846
South Arcot / Cuddalore,GROUNDNUT YIELD (Kg per ha),2631.5
South Arcot / Cuddalore,FINGER MILLET YIELD (Kg per ha),2144.015384615385
South Arcot / Cuddalore,MAIZE YIELD (Kg per ha),2048.1365384615387
South Arcot / Cuddalore,PEARL MILLET YIELD (Kg per ha),1917.576923076923
Srikakulam,MAIZE YIELD (Kg per ha),3796.0138461538463
Srikakulam,RICE YIELD (Kg per ha),2017.7307692307693
Srikakulam,PEARL MILLET YIELD (Kg per ha),1604.2307692307693
Srikakulam,RABI SORGHUM YIELD (Kg per ha),1412.8757692307695
Srikakulam,FINGER MILLET YIELD (Kg per ha),1256.513846153846
Sultanpur,WHEAT YIELD (Kg per ha),2534.2807692307692
Sultanpur,BARLEY YIELD (Kg per ha),2051.3965384615385
Sultanpur,RICE YIELD (Kg per ha),2039.5
Sultanpur,SUNFLOWER YIELD (Kg per ha),1326.309230769231
Sultanpur,PIGEONPEA YIELD (Kg per ha),1255.4903846153845
Sundargarh,WHEAT YIELD (Kg per ha),1724.6207692307692
Sundargarh,MAIZE YIELD (Kg per ha),1428.319230769231
Sundargarh,GROUNDNUT YIELD (Kg per ha),1313.1153846153845
Sundargarh,RICE YIELD (Kg per ha),1135.8076923076924
Sundargarh,PIGEONPEA YIELD (Kg per ha),791.3765384615385
Surat,WHEAT YIELD (Kg per ha),2161.941923076923
Surat,RICE YIELD (Kg per ha),2122.769230769231
Surat,CASTOR YIELD (Kg per ha),1733.6423076923077
Surat,MAIZE YIELD (Kg per ha),1344.6042307692308
Surat,GROUNDNUT YIELD (Kg per ha),1298.3076923076924
Surendranagar,WHEAT YIELD (Kg per ha),2268.570769230769
Surendranagar,CASTOR YIELD (Kg per ha),2003.2949999999998
Surendranagar,RICE YIELD (Kg per ha),1561.8846153846155
Surendranagar,GROUNDNUT YIELD (Kg per ha),1483.1153846153845
Surendranagar,RAPESEED AND MUSTARD YIELD (Kg per ha),1333.0726923076923
Surguja,MAIZE YIELD (Kg per ha),1324.8884615384616
Surguja,WHEAT YIELD (Kg per ha),1192.0084615384617
Surguja,GROUNDNUT YIELD (Kg per ha),1114.6538461538462
Surguja,RICE YIELD (Kg per ha),1085.576923076923
Surguja,SORGHUM YIELD (Kg per ha),820.5353846153846
Swami Madhopur,WHEAT YIELD (Kg per ha),2862.9034615384617
Swami Madhopur,BARLEY YIELD (Kg per ha),2080.615
Swami Madhopur,RICE YIELD (Kg per ha),1413.7692307692307
Swami Madhopur,MAIZE YIELD (Kg per ha),1282.151923076923
Swami Madhopur,PEARL MILLET YIELD (Kg per ha),1261.6153846153845
Tehri Garhwal,RICE YIELD (Kg per ha),1445.6538461538462
Tehri Garhwal,WHEAT YIELD (Kg per ha),1276.9615384615386
Tehri Garhwal,MAIZE YIELD (Kg per ha),1160.0242307692308
Tehri Garhwal,BARLEY YIELD (Kg per ha),1099.9161538461537
Tehri Garhwal,FINGER MILLET YIELD (Kg per ha),899.7284615384615
Thane,RICE YIELD (Kg per ha),2133.0
Thane,GROUNDNUT YIELD (Kg per ha),1448.3076923076924
Thane,MAIZE YIELD (Kg per ha),1276.923076923077
Thane,FINGER MILLET YIELD (Kg per ha),762.1107692307693
Thane,CHICKPEA YIELD (Kg per ha),668.1538461538462
Thanjavur,MAIZE YIELD (Kg per ha),3831.2249999999995
Thanjavur,RABI SORGHUM YIELD (Kg per ha),3309.6073076923076
Thanjavur,RICE YIELD (Kg per ha),3113.4615384615386
Thanjavur,GROUNDNUT YIELD (Kg per ha),2369.730769230769
Thanjavur,SUNFLOWER YIELD (Kg per ha),1436.3023076923077
The Nilgiris,RICE YIELD (Kg per ha),3343.0384615384614
The Nilgiris,GROUNDNUT YIELD (Kg per ha),797.3461538461538
The Nilgiris,FINGER MILLET YIELD (Kg per ha),732.265
The Nilgiris,OILSEEDS YIELD (Kg per ha),351.7569230769231
The Nilgiris,PEARL MILLET YIELD (Kg per ha),211.53846153846155
Thirunelveli,RICE YIELD (Kg per ha),4229.576923076923
Thirunelveli,FINGER MILLET YIELD (Kg per ha),2626.2973076923076
Thirunelveli,GROUNDNUT YIELD (Kg per ha),1999.1923076923076
Thirunelveli,MAIZE YIELD (Kg per ha),1978.8296153846154
Thirunelveli,PEARL MILLET YIELD (Kg per ha),1738.1153846153845
Thiruvananthapuram,RICE YIELD (Kg per ha),2183.4615384615386
Thiruvananthapuram,MINOR PULSES YIELD (Kg per ha),454.755
Thiruvananthapuram,GROUNDNUT YIELD (Kg per ha),253.0
Thiruvananthapuram,OILSEEDS YIELD (Kg per ha),61.00576923076923
Thiruvananthapuram,FINGER MILLET YIELD (Kg per ha),25.641153846153845
Thrissur,RICE YIELD (Kg per ha),2321.4615384615386
Thrissur,MINOR PULSES YIELD (Kg per ha),491.6
Thrissur,SESAMUM YIELD (Kg per ha),232.12615384615384
Thrissur,FINGER MILLET YIELD (Kg per ha),76.92307692307692
Thrissur,OILSEEDS YIELD (Kg per ha),71.37153846153845
Tikamgarh,WHEAT YIELD (Kg per ha),1923.2346153846154
Tikamgarh,BARLEY YIELD (Kg per ha),1803.4273076923077
Tikamgarh,GROUNDNUT YIELD (Kg per ha),1259.8846153846155
Tikamgarh,CHICKPEA YIELD (Kg per ha),1131.423076923077
Tikamgarh,SOYABEAN YIELD (Kg per ha),1040.4492307692308
Tiruchirapalli / Trichy,RICE YIELD (Kg per ha),3679.8076923076924
Tiruchirapalli / Trichy,MAIZE YIELD (Kg per ha),2935.9965384615384
Tiruchirapalli / Trichy,GROUNDNUT YIELD (Kg per ha),1771.9615384615386
Tiruchirapalli / Trichy,RABI SORGHUM YIELD (Kg per ha),1601.0888461538461
Tiruchirapalli / Trichy,FINGER MILLET YIELD (Kg per ha),1424.598076923077
Tonk,WHEAT YIELD (Kg per ha),2315.276923076923
Tonk,BARLEY YIELD (Kg per ha),1877.4211538461536
Tonk,SOYABEAN YIELD (Kg per ha),1118.221923076923
Tonk,PEARL MILLET YIELD (Kg per ha),908.4615384615385
Tonk,RAPESEED AND MUSTARD YIELD (Kg per ha),904.1899999999999
Tumkur,RICE YIELD (Kg per ha),2664.269230769231
Tumkur,MAIZE YIELD (Kg per ha),2432.1446153846155
Tumkur,FINGER MILLET YIELD (Kg per ha),1336.727307692308
Tumkur,SORGHUM YIELD (Kg per ha),996.753076923077
Tumkur,KHARIF SORGHUM YIELD (Kg per ha),894.4076923076923
Udaipur,WHEAT YIELD (Kg per ha),2484.3726923076924
Udaipur,BARLEY YIELD (Kg per ha),2014.2984615384617
Udaipur,MAIZE YIELD (Kg per ha),1265.5561538461538
Udaipur,SOYABEAN YIELD (Kg per ha),1100.611153846154
Udaipur,RAPESEED AND MUSTARD YIELD (Kg per ha),959.5707692307692
Ujjain,WHEAT YIELD (Kg per ha),2348.065769230769
Ujjain,MAIZE YIELD (Kg per ha),1269.2284615384617
Ujjain,GROUNDNUT YIELD (Kg per ha),1223.5384615384614
Ujjain,SOYABEAN YIELD (Kg per ha),1040.5473076923076
Ujjain,OILSEEDS YIELD (Kg per ha),1006.5534615384615
Unnao,WHEAT YIELD (Kg per ha),2440.5519230769232
Unnao,RICE YIELD (Kg per ha),1623.7692307692307
Unnao,BARLEY YIELD (Kg per ha),1575.6765384615383
Unnao,SUNFLOWER YIELD (Kg per ha),1498.1530769230767
Unnao,MAIZE YIELD (Kg per ha),1197.6319230769232
Uttar Kashi,RICE YIELD (Kg per ha),1520.8076923076924
Uttar Kashi,WHEAT YIELD (Kg per ha),1478.645
Uttar Kashi,BARLEY YIELD (Kg per ha),1327.85
Uttar Kashi,MAIZE YIELD (Kg per ha),1229.4303846153846
Uttar Kashi,FINGER MILLET YIELD (Kg per ha),1060.753846153846
Uttara Kannada,MAIZE YIELD (Kg per ha),2695.2542307692306
Uttara Kannada,RICE YIELD (Kg per ha),1803.9615384615386
Uttara Kannada,GROUNDNUT YIELD (Kg per ha),1502.8461538461538
Uttara Kannada,OILSEEDS YIELD (Kg per ha),1326.3146153846153
Uttara Kannada,FINGER MILLET YIELD (Kg per ha),1111.6084615384616
Vadodara,WHEAT YIELD (Kg per ha),2299.8646153846157
Vadodara,MAIZE YIELD (Kg per ha),1561.2592307692307
Vadodara,PEARL MILLET YIELD (Kg per ha),1439.1538461538462
Vadodara,GROUNDNUT YIELD (Kg per ha),1437.6538461538462
Vadodara,CASTOR YIELD (Kg per ha),1410.18
Valsad,WHEAT YIELD (Kg per ha),2678.615769230769
Valsad,RICE YIELD (Kg per ha),2088.0
Valsad,GROUNDNUT YIELD (Kg per ha),1170.3846153846155
Valsad,OILSEEDS YIELD (Kg per ha),1001.495
Valsad,KHARIF SORGHUM YIELD (Kg per ha),944.7242307692309
Varanasi,WHEAT YIELD (Kg per ha),2334.003846153846
Varanasi,RICE YIELD (Kg per ha),2128.846153846154
Varanasi,BARLEY YIELD (Kg per ha),1548.2546153846156
Varanasi,MAIZE YIELD (Kg per ha),1325.7023076923078
Varanasi,PEARL MILLET YIELD (Kg per ha),1141.3846153846155
Vidisha,BARLEY YIELD (Kg per ha),1565.076153846154
Vidisha,WHEAT YIELD (Kg per ha),1555.0261538461539
Vidisha,MAIZE YIELD (Kg per ha),1545.7703846153845
Vidisha,GROUNDNUT YIELD (Kg per ha),1327.5
Vidisha,KHARIF SORGHUM YIELD (Kg per ha),1305.7869230769231
Visakhapatnam,MAIZE YIELD (Kg per ha),2797.054230769231
Visakhapatnam,RABI SORGHUM YIELD (Kg per ha),1876.1634615384614
Visakhapatnam,RICE YIELD (Kg per ha),1552.4615384615386
Visakhapatnam,CHICKPEA YIELD (Kg per ha),1247.076923076923
Visakhapatnam,GROUNDNUT YIELD (Kg per ha),1223.0384615384614
Warangal,MAIZE YIELD (Kg per ha),3383.296923076923
Warangal,RICE YIELD (Kg per ha),2718.1153846153848
Warangal,GROUNDNUT YIELD (Kg per ha),1277.8846153846155
Warangal,OILSEEDS YIELD (Kg per ha),1033.201923076923
Warangal,SUNFLOWER YIELD (Kg per ha),1019.9196153846153
Wardha,WHEAT YIELD (Kg per ha),1271.663076923077
Wardha,GROUNDNUT YIELD (Kg per ha),1033.9615384615386
Wardha,SOYABEAN YIELD (Kg per ha),986.771923076923
Wardha,OILSEEDS YIELD (Kg per ha),944.4223076923076
Wardha,KHARIF SORGHUM YIELD (Kg per ha),816.4957692307692
West Godavari,MAIZE YIELD (Kg per ha),5352.445769230769
West Godavari,OILSEEDS YIELD (Kg per ha),3965.5096153846152
West Godavari,RICE YIELD (Kg per ha),3287.6153846153848
West Godavari,GROUNDNUT YIELD (Kg per ha),1976.7692307692307
West Godavari,RABI SORGHUM YIELD (Kg per ha),1576.658846153846
Yeotmal,MAIZE YIELD (Kg per ha),1597.2211538461538
Yeotmal,WHEAT YIELD (Kg per ha),1222.2226923076923
Yeotmal,GROUNDNUT YIELD (Kg per ha),1092.423076923077
Yeotmal,SOYABEAN YIELD (Kg per ha),1088.6592307692308
Yeotmal,SORGHUM YIELD (Kg per ha),1031.4569230769232
